Entity,Code,Year,New HIV Infections averted due to PMTCT - estimate,New HIV Infections - children (aged 0-14) - Children (0-14) estimate
Afghanistan,AFG,1990,0,5.23859
Afghanistan,AFG,1991,0,6.20119
Afghanistan,AFG,1992,0,7.39881
Afghanistan,AFG,1993,0,8.82175
Afghanistan,AFG,1994,0,10.4233
Afghanistan,AFG,1995,0,12.1354
Afghanistan,AFG,1996,0,13.8749
Afghanistan,AFG,1997,0,15.5776
Afghanistan,AFG,1998,0,16.558
Afghanistan,AFG,1999,0,17.8698
Afghanistan,AFG,2000,0,19.4208
Afghanistan,AFG,2001,0,21.0406
Afghanistan,AFG,2002,0,22.9077
Afghanistan,AFG,2003,0,24.9476
Afghanistan,AFG,2004,0,26.9791
Afghanistan,AFG,2005,0,28.7031
Afghanistan,AFG,2006,0,30.1127
Afghanistan,AFG,2007,0,31.4997
Afghanistan,AFG,2008,0,33.0826
Afghanistan,AFG,2009,0.37404,38.0682
Afghanistan,AFG,2010,0.56216,38.9364
Afghanistan,AFG,2011,0.56881,40.3297
Afghanistan,AFG,2012,0.28309,42.5975
Afghanistan,AFG,2013,1.55712,43.6492
Afghanistan,AFG,2014,2.25488,45.4128
Afghanistan,AFG,2015,1.9752,48.2435
Afghanistan,AFG,2016,2.25804,50.2656
Algeria,DZA,1990,0,9.58279
Algeria,DZA,1991,0,10.4467
Algeria,DZA,1992,0,11.3454
Algeria,DZA,1993,0,12.2151
Algeria,DZA,1994,0,12.9863
Algeria,DZA,1995,0,13.6939
Algeria,DZA,1996,0,14.4568
Algeria,DZA,1997,0,15.4469
Algeria,DZA,1998,0,16.6374
Algeria,DZA,1999,0,17.9108
Algeria,DZA,2000,0,19.3561
Algeria,DZA,2001,0,21.1279
Algeria,DZA,2002,0,23.8926
Algeria,DZA,2003,0,27.6226
Algeria,DZA,2004,0,32.1042
Algeria,DZA,2005,0,36.2283
Algeria,DZA,2006,0,41.5485
Algeria,DZA,2007,0,46.4954
Algeria,DZA,2008,16.4086,36.3796
Algeria,DZA,2009,16.23,42.22
Algeria,DZA,2010,28.894,36.033
Algeria,DZA,2011,31.1813,41.6683
Algeria,DZA,2012,29.9186,50.4443
Algeria,DZA,2013,47.4432,36.9275
Algeria,DZA,2014,27.3821,60.6083
Algeria,DZA,2015,26.4243,65.4509
Algeria,DZA,2016,44.7243,50.2043
Angola,AGO,1990,0,367.605
Angola,AGO,1991,0,467.088
Angola,AGO,1992,0,581.862
Angola,AGO,1993,0,718.454
Angola,AGO,1994,0,867.924
Angola,AGO,1995,0,1040.22
Angola,AGO,1996,0,1220.51
Angola,AGO,1997,0,1411.4
Angola,AGO,1998,0,1613.32
Angola,AGO,1999,0,1833.56
Angola,AGO,2000,0,2064.9
Angola,AGO,2001,0,2300.88
Angola,AGO,2002,0,2551.03
Angola,AGO,2003,0,2802.67
Angola,AGO,2004,30.3794,3027.05
Angola,AGO,2005,60.3026,3249.49
Angola,AGO,2006,278.271,3247.95
Angola,AGO,2007,270.411,3459.96
Angola,AGO,2008,366.593,3579.39
Angola,AGO,2009,426.402,3725.34
Angola,AGO,2010,507.963,3844.14
Angola,AGO,2011,360.057,4179.24
Angola,AGO,2012,445.701,4268.68
Angola,AGO,2013,1271.76,3565.64
Angola,AGO,2014,2009.84,2970.6
Angola,AGO,2015,2048.54,3178.94
Angola,AGO,2016,1821.25,3625.79
Argentina,ARG,1990,0,189.775
Argentina,ARG,1991,0,206.395
Argentina,ARG,1992,0,220.347
Argentina,ARG,1993,0,230.814
Argentina,ARG,1994,0,237.529
Argentina,ARG,1995,0,239.844
Argentina,ARG,1996,33.3575,207.423
Argentina,ARG,1997,46.4319,200.009
Argentina,ARG,1998,58.8002,196.309
Argentina,ARG,1999,74.1576,189.541
Argentina,ARG,2000,87.328,182.653
Argentina,ARG,2001,103.187,172.797
Argentina,ARG,2002,117.892,165.489
Argentina,ARG,2003,135.34,154.675
Argentina,ARG,2004,147.88,147.702
Argentina,ARG,2005,167.92,132.288
Argentina,ARG,2006,180.181,123.836
Argentina,ARG,2007,200.165,107.12
Argentina,ARG,2008,211.898,98.3989
Argentina,ARG,2009,230.114,82.9018
Argentina,ARG,2010,234.332,76.1086
Argentina,ARG,2011,248.812,58.3158
Argentina,ARG,2012,255.126,58.8359
Argentina,ARG,2013,260.369,56.5563
Argentina,ARG,2014,260.819,56.7341
Argentina,ARG,2015,258.881,55.752
Argentina,ARG,2016,262.839,56.1631
Asia and the Pacific,,1990,0,2633.36
Asia and the Pacific,,1991,0,4353.02
Asia and the Pacific,,1992,0,6671.36
Asia and the Pacific,,1993,12.1705,9424.05
Asia and the Pacific,,1994,12.6641,12743.3
Asia and the Pacific,,1995,13.5474,16405.8
Asia and the Pacific,,1996,13.9319,20366.2
Asia and the Pacific,,1997,15.1197,23885.9
Asia and the Pacific,,1998,23.0215,27032.6
Asia and the Pacific,,1999,26.3293,29621.3
Asia and the Pacific,,2000,550.701,30932.6
Asia and the Pacific,,2001,627.894,32433.6
Asia and the Pacific,,2002,882.028,32855.6
Asia and the Pacific,,2003,1332.02,32510.2
Asia and the Pacific,,2004,1610.93,31957.1
Asia and the Pacific,,2005,2090.5,30881.4
Asia and the Pacific,,2006,2430.77,29985
Asia and the Pacific,,2007,2890.39,28673.9
Asia and the Pacific,,2008,3369.94,27015.2
Asia and the Pacific,,2009,3693.12,25749.3
Asia and the Pacific,,2010,4236.95,24273.5
Asia and the Pacific,,2011,3987.2,23885.9
Asia and the Pacific,,2012,4481.79,22475.6
Asia and the Pacific,,2013,4668.42,21230
Asia and the Pacific,,2014,6884.66,18376.8
Asia and the Pacific,,2015,7725.99,17118.7
Asia and the Pacific,,2016,9103.04,15249.1
Australia,AUS,1990,0,6.60114
Australia,AUS,1991,0,6.56763
Australia,AUS,1992,0,6.51302
Australia,AUS,1993,8.40542,6.43007
Australia,AUS,1994,8.41499,6.31819
Australia,AUS,1995,8.34257,6.2071
Australia,AUS,1996,8.1651,6.06544
Australia,AUS,1997,8.37396,6.12731
Australia,AUS,1998,9.0175,6.39087
Australia,AUS,1999,8.94127,6.40612
Australia,AUS,2000,9.61559,0.07513
Australia,AUS,2001,10.0327,0.08005
Australia,AUS,2002,10.439,0.08484
Australia,AUS,2003,10.9251,0.08944
Australia,AUS,2004,11.5516,0.09502
Australia,AUS,2005,12.3011,0.10134
Australia,AUS,2006,13.0657,0.1085
Australia,AUS,2007,13.7194,0.11483
Australia,AUS,2008,14.2676,0.11953
Australia,AUS,2009,14.7958,0.12364
Australia,AUS,2010,15.7419,0.12822
Australia,AUS,2011,3.87175,0.13507
Australia,AUS,2012,6.20139,0.1418
Australia,AUS,2013,11.1395,0.14928
Australia,AUS,2014,19.0485,0.16075
Australia,AUS,2015,19.7058,0.1718
Australia,AUS,2016,20.3456,0.18448
Azerbaijan,AZE,1990,0,0.75089
Azerbaijan,AZE,1991,0,0.81361
Azerbaijan,AZE,1992,0,0.92679
Azerbaijan,AZE,1993,0,1.09325
Azerbaijan,AZE,1994,0,1.31349
Azerbaijan,AZE,1995,0,1.63686
Azerbaijan,AZE,1996,0,2.10387
Azerbaijan,AZE,1997,0,2.72515
Azerbaijan,AZE,1998,0,3.60181
Azerbaijan,AZE,1999,0,4.66589
Azerbaijan,AZE,2000,0,5.87945
Azerbaijan,AZE,2001,0,7.05362
Azerbaijan,AZE,2002,0,8.23725
Azerbaijan,AZE,2003,0,9.63137
Azerbaijan,AZE,2004,0,11.2141
Azerbaijan,AZE,2005,0,13.1423
Azerbaijan,AZE,2006,0.14653,15.2851
Azerbaijan,AZE,2007,0.73661,16.4781
Azerbaijan,AZE,2008,1.80597,15.9352
Azerbaijan,AZE,2009,1.6241,16.7074
Azerbaijan,AZE,2010,2.494,18.8533
Azerbaijan,AZE,2011,3.43601,15.8648
Azerbaijan,AZE,2012,5.26909,16.9105
Azerbaijan,AZE,2013,8.9396,15.2474
Azerbaijan,AZE,2014,8.4213,14.6124
Azerbaijan,AZE,2015,10.1705,15.0978
Azerbaijan,AZE,2016,13.9368,12.1588
Bangladesh,BGD,1990,0,1.85157
Bangladesh,BGD,1991,0,2.05212
Bangladesh,BGD,1992,0,2.08959
Bangladesh,BGD,1993,0,2.25248
Bangladesh,BGD,1994,0,2.51271
Bangladesh,BGD,1995,0,2.86571
Bangladesh,BGD,1996,0,3.41333
Bangladesh,BGD,1997,0,4.13528
Bangladesh,BGD,1998,0,5.18848
Bangladesh,BGD,1999,0,6.59148
Bangladesh,BGD,2000,0,8.51765
Bangladesh,BGD,2001,0,11.1348
Bangladesh,BGD,2002,0,14.7228
Bangladesh,BGD,2003,0,19.2068
Bangladesh,BGD,2004,0,24.4101
Bangladesh,BGD,2005,0,30.0156
Bangladesh,BGD,2006,0.23091,35.1532
Bangladesh,BGD,2007,0.58816,39.6381
Bangladesh,BGD,2008,2.14067,42.095
Bangladesh,BGD,2009,2.66146,44.7888
Bangladesh,BGD,2010,4.28698,43.5669
Bangladesh,BGD,2011,2.7598,46.0402
Bangladesh,BGD,2012,4.27174,44.7972
Bangladesh,BGD,2013,4.45878,44.706
Bangladesh,BGD,2014,6.8883,42.232
Bangladesh,BGD,2015,5.39958,43.6612
Bangladesh,BGD,2016,5.66548,43.242
Belize,BLZ,1990,0,1.79415
Belize,BLZ,1991,0,1.75785
Belize,BLZ,1992,0,1.81022
Belize,BLZ,1993,0,1.91905
Belize,BLZ,1994,0,2.09067
Belize,BLZ,1995,0,2.36662
Belize,BLZ,1996,0,2.8595
Belize,BLZ,1997,0,3.77054
Belize,BLZ,1998,0,5.09736
Belize,BLZ,1999,0,7.1026
Belize,BLZ,2000,0,9.85568
Belize,BLZ,2001,1.93866,10.5891
Belize,BLZ,2002,1.9205,10.6363
Belize,BLZ,2003,2.48679,12.2123
Belize,BLZ,2004,2.21585,15.8605
Belize,BLZ,2005,2.16513,18.0472
Belize,BLZ,2006,3.50795,15.8871
Belize,BLZ,2007,9.13412,14.1793
Belize,BLZ,2008,7.95954,14.0638
Belize,BLZ,2009,12.4094,8.8835
Belize,BLZ,2010,9.83621,11.3643
Belize,BLZ,2011,12.9133,11.2971
Belize,BLZ,2012,8.29837,17.5232
Belize,BLZ,2013,13.9467,11.8964
Belize,BLZ,2014,20.9805,12.7581
Belize,BLZ,2015,21.3837,11.7628
Belize,BLZ,2016,21.451,17.8638
Benin,BEN,1990,0,138.067
Benin,BEN,1991,0,205.964
Benin,BEN,1992,0,297.151
Benin,BEN,1993,0,409.081
Benin,BEN,1994,0,535.66
Benin,BEN,1995,0,671.868
Benin,BEN,1996,0,803.295
Benin,BEN,1997,0,924.179
Benin,BEN,1998,0,1031.08
Benin,BEN,1999,0,1123.41
Benin,BEN,2000,0,1203.75
Benin,BEN,2001,0,1249.78
Benin,BEN,2002,0,1280.43
Benin,BEN,2003,0,1291.61
Benin,BEN,2004,0,1283.12
Benin,BEN,2005,0,1261.99
Benin,BEN,2006,0,1229.4
Benin,BEN,2007,167.023,1097.27
Benin,BEN,2008,191.759,1058.77
Benin,BEN,2009,217.842,1052.83
Benin,BEN,2010,234.903,1052.81
Benin,BEN,2011,246.959,1034.93
Benin,BEN,2012,272.112,993.696
Benin,BEN,2013,262.243,995.653
Benin,BEN,2014,428.204,834.171
Benin,BEN,2015,682.032,573.612
Benin,BEN,2016,790.434,432.842
Bolivia,BOL,1990,0,2.20757
Bolivia,BOL,1991,0,2.89357
Bolivia,BOL,1992,0,4.33676
Bolivia,BOL,1993,0,7.20306
Bolivia,BOL,1994,0,13.3905
Bolivia,BOL,1995,0,24.2482
Bolivia,BOL,1996,0,41.0767
Bolivia,BOL,1997,0,58.599
Bolivia,BOL,1998,0,72.9977
Bolivia,BOL,1999,0,84.8202
Bolivia,BOL,2000,0,95.2649
Bolivia,BOL,2001,0,104.009
Bolivia,BOL,2002,0,112.396
Bolivia,BOL,2003,0,119.644
Bolivia,BOL,2004,0,124.716
Bolivia,BOL,2005,0,127.916
Bolivia,BOL,2006,2.92698,126.48
Bolivia,BOL,2007,6.67523,122.045
Bolivia,BOL,2008,7.16701,118.977
Bolivia,BOL,2009,21.6046,100.094
Bolivia,BOL,2010,43.3768,73.8182
Bolivia,BOL,2011,43.8434,69.1472
Bolivia,BOL,2012,70.1182,37.6578
Bolivia,BOL,2013,63.3756,41.9175
Bolivia,BOL,2014,67.9552,36.6515
Bolivia,BOL,2015,80.7213,22.5642
Bolivia,BOL,2016,91.3626,11.975
Botswana,BWA,1990,0,1106.66
Botswana,BWA,1991,0,1533.31
Botswana,BWA,1992,0,2034.15
Botswana,BWA,1993,0,2569.62
Botswana,BWA,1994,0,3094.78
Botswana,BWA,1995,0,3574.82
Botswana,BWA,1996,-0.00001,3969.91
Botswana,BWA,1997,0.0009,4266.5
Botswana,BWA,1998,0.01149,4450.16
Botswana,BWA,1999,0.04304,4528.43
Botswana,BWA,2000,247.325,4269.41
Botswana,BWA,2001,503.59,3939.96
Botswana,BWA,2002,767.775,3560.36
Botswana,BWA,2003,1032.76,3149.89
Botswana,BWA,2004,1285.23,2736.02
Botswana,BWA,2005,2073.21,1803.88
Botswana,BWA,2006,2339.89,1432.13
Botswana,BWA,2007,2170.34,1506.79
Botswana,BWA,2008,2159.12,1415.71
Botswana,BWA,2009,2280.94,1142.43
Botswana,BWA,2010,2365.56,1014.8
Botswana,BWA,2011,2362.5,1178.21
Botswana,BWA,2012,2116.93,978.348
Botswana,BWA,2013,2286.31,769.957
Botswana,BWA,2014,2129.44,809.878
Botswana,BWA,2015,2177.43,661.219
Botswana,BWA,2016,2139.02,563.22
Brazil,BRA,1990,0,854.662
Brazil,BRA,1991,0,989.973
Brazil,BRA,1992,0,1115.79
Brazil,BRA,1993,0,1245.27
Brazil,BRA,1994,0,1375.45
Brazil,BRA,1995,0,1504.1
Brazil,BRA,1996,0,1616.77
Brazil,BRA,1997,0,1712.2
Brazil,BRA,1998,0,1882.32
Brazil,BRA,1999,0,2016.36
Brazil,BRA,2000,0,2147.49
Brazil,BRA,2001,0,2245.85
Brazil,BRA,2002,0,2324.86
Brazil,BRA,2003,0,2371.66
Brazil,BRA,2004,0,2381.09
Brazil,BRA,2005,0,2366.81
Brazil,BRA,2006,0,2327.18
Brazil,BRA,2007,0,2331.31
Brazil,BRA,2008,0,2342.48
Brazil,BRA,2009,1078.48,1272.47
Brazil,BRA,2010,1117.69,1230.03
Brazil,BRA,2011,1129.9,1211.94
Brazil,BRA,2012,1229.44,1101.99
Brazil,BRA,2013,1261.01,1054.71
Brazil,BRA,2014,1318.72,977.939
Brazil,BRA,2015,1425.04,851.303
Brazil,BRA,2016,1742.8,513.545
Burkina Faso,BFA,1990,0,4120.42
Burkina Faso,BFA,1991,0,4557.59
Burkina Faso,BFA,1992,0,4896.37
Burkina Faso,BFA,1993,0,5131.57
Burkina Faso,BFA,1994,0,5259.52
Burkina Faso,BFA,1995,0,5266.29
Burkina Faso,BFA,1996,0,5184.58
Burkina Faso,BFA,1997,0,5016.93
Burkina Faso,BFA,1998,0,4778.83
Burkina Faso,BFA,1999,0,4488.06
Burkina Faso,BFA,2000,0,4163.05
Burkina Faso,BFA,2001,0,3817.67
Burkina Faso,BFA,2002,0,3465.97
Burkina Faso,BFA,2003,14.3723,3106.99
Burkina Faso,BFA,2004,31.4391,2779.4
Burkina Faso,BFA,2005,91.1232,2459.93
Burkina Faso,BFA,2006,178.328,2167.61
Burkina Faso,BFA,2007,231.33,1969.29
Burkina Faso,BFA,2008,210.729,1861.79
Burkina Faso,BFA,2009,389.88,1575.74
Burkina Faso,BFA,2010,457.229,1435.67
Burkina Faso,BFA,2011,507.57,1323.14
Burkina Faso,BFA,2012,666.525,1149.38
Burkina Faso,BFA,2013,698.395,1135.09
Burkina Faso,BFA,2014,938.69,863.608
Burkina Faso,BFA,2015,1335.17,438.355
Burkina Faso,BFA,2016,1197.61,546.926
Burundi,BDI,1990,0,318.888
Burundi,BDI,1991,0,475.592
Burundi,BDI,1992,0,689.374
Burundi,BDI,1993,0,964.191
Burundi,BDI,1994,0,1291.16
Burundi,BDI,1995,0,1632.03
Burundi,BDI,1996,0,1960.11
Burundi,BDI,1997,0,2228.95
Burundi,BDI,1998,0,2410.1
Burundi,BDI,1999,0,2517.11
Burundi,BDI,2000,0,2568.43
Burundi,BDI,2001,0.00006,2582.34
Burundi,BDI,2002,27.6883,2653.17
Burundi,BDI,2003,49.6987,2673.7
Burundi,BDI,2004,86.0795,2632.91
Burundi,BDI,2005,197.182,2492.28
Burundi,BDI,2006,232.261,2423.28
Burundi,BDI,2007,228.196,2361.63
Burundi,BDI,2008,308.284,2186.67
Burundi,BDI,2009,325.711,2085.32
Burundi,BDI,2010,534.089,1779.21
Burundi,BDI,2011,534.323,1619.35
Burundi,BDI,2012,532.329,1461.36
Burundi,BDI,2013,592.785,1273.48
Burundi,BDI,2014,657.574,1106.01
Burundi,BDI,2015,990.218,648.697
Burundi,BDI,2016,1058.53,428.599
Cambodia,KHM,1990,0,13.9687
Cambodia,KHM,1991,0,35.0467
Cambodia,KHM,1992,0,88.9975
Cambodia,KHM,1993,0,190.429
Cambodia,KHM,1994,0,328.563
Cambodia,KHM,1995,0,475.507
Cambodia,KHM,1996,0,607.551
Cambodia,KHM,1997,0,713.681
Cambodia,KHM,1998,0,786.59
Cambodia,KHM,1999,0,833.031
Cambodia,KHM,2000,0,852.274
Cambodia,KHM,2001,0.00001,846.54
Cambodia,KHM,2002,4.10822,816.618
Cambodia,KHM,2003,6.65933,773.291
Cambodia,KHM,2004,8.09741,725.012
Cambodia,KHM,2005,16.4034,674.325
Cambodia,KHM,2006,34.6949,619.941
Cambodia,KHM,2007,100.539,531.113
Cambodia,KHM,2008,114.769,503.901
Cambodia,KHM,2009,131.024,427.193
Cambodia,KHM,2010,141.104,359.522
Cambodia,KHM,2011,172.362,295.811
Cambodia,KHM,2012,183.235,254.472
Cambodia,KHM,2013,199.146,205.724
Cambodia,KHM,2014,212.693,156.677
Cambodia,KHM,2015,228.02,109.658
Cambodia,KHM,2016,208.777,99.3788
Cameroon,CMR,1990,0,1295.9
Cameroon,CMR,1991,0,1777.95
Cameroon,CMR,1992,0,2372.67
Cameroon,CMR,1993,0,3069.21
Cameroon,CMR,1994,0,3847.49
Cameroon,CMR,1995,0,4689.81
Cameroon,CMR,1996,0,5545.65
Cameroon,CMR,1997,0,6413.29
Cameroon,CMR,1998,0,7257.94
Cameroon,CMR,1999,0,8057.25
Cameroon,CMR,2000,0,8766.07
Cameroon,CMR,2001,0,9358.23
Cameroon,CMR,2002,108.861,9710.6
Cameroon,CMR,2003,223.838,9916.72
Cameroon,CMR,2004,353.155,9946.4
Cameroon,CMR,2005,305.278,10089.9
Cameroon,CMR,2006,680.719,9796.81
Cameroon,CMR,2007,742.71,9666.59
Cameroon,CMR,2008,1187.7,9114.14
Cameroon,CMR,2009,1441.89,8738.24
Cameroon,CMR,2010,2972.31,7060.67
Cameroon,CMR,2011,2634.45,7193.46
Cameroon,CMR,2012,2799.7,6676.08
Cameroon,CMR,2013,3657.07,5758.48
Cameroon,CMR,2014,4095.14,5340.2
Cameroon,CMR,2015,5471.46,3815.5
Cameroon,CMR,2016,5192,3982.37
Cape Verde,CPV,2016,12.795,3.7867
Cape Verde,CPV,1990,,15.8446
Cape Verde,CPV,1991,,18.7149
Cape Verde,CPV,1992,,21.3602
Cape Verde,CPV,1993,,23.9576
Cape Verde,CPV,1994,,26.1995
Cape Verde,CPV,1995,,28.1295
Cape Verde,CPV,1996,,29.5638
Cape Verde,CPV,1997,,30.2833
Cape Verde,CPV,1998,,30.4841
Cape Verde,CPV,1999,,30.033
Cape Verde,CPV,2000,,29.0095
Cape Verde,CPV,2001,,27.6922
Cape Verde,CPV,2002,,26.1425
Cape Verde,CPV,2003,,24.655
Cape Verde,CPV,2004,,23.0818
Cape Verde,CPV,2005,,21.371
Cape Verde,CPV,2006,,20.0735
Cape Verde,CPV,2007,,18.4487
Cape Verde,CPV,2008,,17.8963
Cape Verde,CPV,2009,,17.6574
Cape Verde,CPV,2010,,12.3959
Cape Verde,CPV,2011,,11.6141
Cape Verde,CPV,2012,,11.3611
Cape Verde,CPV,2013,,10.0448
Cape Verde,CPV,2014,,6.8674
Cape Verde,CPV,2015,,5.03137
Caribbean,,1990,0,2500.42
Caribbean,,1991,0,2800.98
Caribbean,,1992,0,3032.13
Caribbean,,1993,0,3190.21
Caribbean,,1994,0,3277.98
Caribbean,,1995,2.54234,3303.99
Caribbean,,1996,11.4377,3244.48
Caribbean,,1997,8.25177,3204.64
Caribbean,,1998,6.7487,3106.12
Caribbean,,1999,8.8815,2990.69
Caribbean,,2000,14.663,2856.06
Caribbean,,2001,27.8027,2710.45
Caribbean,,2002,44.1904,2556.4
Caribbean,,2003,52.4641,2424.89
Caribbean,,2004,88.0236,2273.34
Caribbean,,2005,261.23,1990.74
Caribbean,,2006,399.846,1882.69
Caribbean,,2007,658.746,1693.71
Caribbean,,2008,718.928,1704.7
Caribbean,,2009,762.899,1723.23
Caribbean,,2010,725.802,1779.54
Caribbean,,2011,1237.82,1275.57
Caribbean,,2012,1604.23,825.068
Caribbean,,2013,1778.12,729.717
Caribbean,,2014,1853.19,784.112
Caribbean,,2015,1818.49,779.633
Caribbean,,2016,1746.76,796.627
Central African Republic,CAF,1990,0,852.779
Central African Republic,CAF,1991,0,1279.13
Central African Republic,CAF,1992,0,1761.4
Central African Republic,CAF,1993,0,2259.16
Central African Republic,CAF,1994,0,2711.5
Central African Republic,CAF,1995,0,3095.17
Central African Republic,CAF,1996,0,3364.29
Central African Republic,CAF,1997,0,3508.96
Central African Republic,CAF,1998,0,3531.41
Central African Republic,CAF,1999,0,3430.41
Central African Republic,CAF,2000,4.68679,3272.44
Central African Republic,CAF,2001,6.7432,3059.91
Central African Republic,CAF,2002,4.23965,2824.65
Central African Republic,CAF,2003,4.45858,2585.26
Central African Republic,CAF,2004,25.5979,2345.5
Central African Republic,CAF,2005,57.8211,2106.84
Central African Republic,CAF,2006,193.828,1799.85
Central African Republic,CAF,2007,198.459,1651.04
Central African Republic,CAF,2008,226.135,1523.52
Central African Republic,CAF,2009,304.364,1394.97
Central African Republic,CAF,2010,282.46,1390.78
Central African Republic,CAF,2011,356.772,1282.07
Central African Republic,CAF,2012,383.76,1229.28
Central African Republic,CAF,2013,213.656,1365.97
Central African Republic,CAF,2014,447.529,1106.34
Central African Republic,CAF,2015,603.883,938.023
Central African Republic,CAF,2016,984.871,563.878
Chad,TCD,1990,0,685.248
Chad,TCD,1991,0,834.866
Chad,TCD,1992,0,991.394
Chad,TCD,1993,0,1153.95
Chad,TCD,1994,0,1318.2
Chad,TCD,1995,0,1485.44
Chad,TCD,1996,0,1645.87
Chad,TCD,1997,0,1790.69
Chad,TCD,1998,0,1927.39
Chad,TCD,1999,0,2051.39
Chad,TCD,2000,0,2150.83
Chad,TCD,2001,0,2234.58
Chad,TCD,2002,0.00003,2294.7
Chad,TCD,2003,0.00007,2328.36
Chad,TCD,2004,0.00023,2341.24
Chad,TCD,2005,0.00054,2328.97
Chad,TCD,2006,67.7824,2222.04
Chad,TCD,2007,76.3405,2181.36
Chad,TCD,2008,167.294,2033.98
Chad,TCD,2009,221.484,1932.95
Chad,TCD,2010,222.878,1946.07
Chad,TCD,2011,271.56,1928.08
Chad,TCD,2012,462.218,1731.18
Chad,TCD,2013,829.119,1325.82
Chad,TCD,2014,554.273,1548.75
Chad,TCD,2015,1119.6,916.681
Chad,TCD,2016,992.277,986.404
Chile,CHL,1990,0,30.6367
Chile,CHL,1991,0,32.6688
Chile,CHL,1992,0,34.8075
Chile,CHL,1993,0,37.0711
Chile,CHL,1994,0,39.4019
Chile,CHL,1995,0,41.464
Chile,CHL,1996,0,44.1221
Chile,CHL,1997,0,47.4785
Chile,CHL,1998,0,50.6311
Chile,CHL,1999,0,53.3847
Chile,CHL,2000,8.53812,47.4371
Chile,CHL,2001,12.6576,47.7119
Chile,CHL,2002,11.1103,52.587
Chile,CHL,2003,11.5724,55.0421
Chile,CHL,2004,14.7058,56.2199
Chile,CHL,2005,12.566,62.1906
Chile,CHL,2006,26.8252,52.4635
Chile,CHL,2007,22.5446,62.3826
Chile,CHL,2008,22.472,67.8319
Chile,CHL,2009,24.0941,71.0359
Chile,CHL,2010,30.394,69.5329
Chile,CHL,2011,32.529,73.3091
Chile,CHL,2012,57.8578,53.6115
Chile,CHL,2013,50.5377,65.9417
Chile,CHL,2014,50.7581,71.6639
Chile,CHL,2015,49.5569,82.3691
Chile,CHL,2016,50.0971,88.5861
Colombia,COL,1990,0,139.363
Colombia,COL,1991,0,202.24
Colombia,COL,1992,0,268.315
Colombia,COL,1993,0,329.483
Colombia,COL,1994,0,380.64
Colombia,COL,1995,0,417.906
Colombia,COL,1996,0,441.481
Colombia,COL,1997,0,453.502
Colombia,COL,1998,0,456.962
Colombia,COL,1999,0,454.441
Colombia,COL,2000,0,430.388
Colombia,COL,2001,0,405.892
Colombia,COL,2002,0,384.149
Colombia,COL,2003,15.3066,350.639
Colombia,COL,2004,39.7684,309.085
Colombia,COL,2005,81.5996,251.103
Colombia,COL,2006,34.3791,280.598
Colombia,COL,2007,51.8469,247.75
Colombia,COL,2008,166.11,130.281
Colombia,COL,2009,194.03,90.0264
Colombia,COL,2010,211.849,52.7418
Colombia,COL,2011,186.355,58.1383
Colombia,COL,2012,180.491,52.3553
Colombia,COL,2013,178.128,49.6584
Colombia,COL,2014,180.13,40.4135
Colombia,COL,2015,161.895,47.654
Colombia,COL,2016,181.371,20.7944
Congo,COG,1990,0,642.993
Congo,COG,1991,0,800.175
Congo,COG,1992,0,933.791
Congo,COG,1993,0,1055.25
Congo,COG,1994,0,1129.49
Congo,COG,1995,0,1167.14
Congo,COG,1996,0,1181.95
Congo,COG,1997,0,1182.56
Congo,COG,1998,0,1158.73
Congo,COG,1999,0,1113.67
Congo,COG,2000,0,1081.31
Congo,COG,2001,0,1036.38
Congo,COG,2002,9.67989,979.604
Congo,COG,2003,19.4009,932.446
Congo,COG,2004,43.5045,884.525
Congo,COG,2005,31.7982,877.53
Congo,COG,2006,34.2927,878.904
Congo,COG,2007,72.6971,858.829
Congo,COG,2008,119.617,820.239
Congo,COG,2009,67.4657,906.251
Congo,COG,2010,105.671,915.391
Congo,COG,2011,217.01,836.525
Congo,COG,2012,196.004,887.346
Congo,COG,2013,264.918,883.91
Congo,COG,2014,212.281,962.891
Congo,COG,2015,213.63,971.004
Congo,COG,2016,138.299,1058.2
Costa Rica,CRI,1990,0,5.79179
Costa Rica,CRI,1991,0,6.06038
Costa Rica,CRI,1992,0,6.32652
Costa Rica,CRI,1993,0,6.58644
Costa Rica,CRI,1994,0,6.83836
Costa Rica,CRI,1995,0,7.08045
Costa Rica,CRI,1996,0,7.31682
Costa Rica,CRI,1997,0,7.50944
Costa Rica,CRI,1998,0,7.70734
Costa Rica,CRI,1999,0,8.3361
Costa Rica,CRI,2000,0,8.76308
Costa Rica,CRI,2001,0,8.88015
Costa Rica,CRI,2002,0,9.49321
Costa Rica,CRI,2003,0,10.2413
Costa Rica,CRI,2004,0,10.901
Costa Rica,CRI,2005,0,11.5009
Costa Rica,CRI,2006,4.13395,7.83901
Costa Rica,CRI,2007,4.89076,7.45962
Costa Rica,CRI,2008,5.50213,7.43952
Costa Rica,CRI,2009,6.32127,7.21345
Costa Rica,CRI,2010,7.61048,6.91297
Costa Rica,CRI,2011,7.75443,7.93205
Costa Rica,CRI,2012,8.11692,8.33487
Costa Rica,CRI,2013,9.75745,7.29382
Costa Rica,CRI,2014,11.7078,5.62449
Costa Rica,CRI,2015,10.1723,7.05993
Costa Rica,CRI,2016,10.543,7.04286
Cote d'Ivoire,CIV,1990,0,3449.59
Cote d'Ivoire,CIV,1991,0,4242.28
Cote d'Ivoire,CIV,1992,0,5098.87
Cote d'Ivoire,CIV,1993,0,5993.37
Cote d'Ivoire,CIV,1994,0,6863.4
Cote d'Ivoire,CIV,1995,0,7691.87
Cote d'Ivoire,CIV,1996,0,8435.35
Cote d'Ivoire,CIV,1997,0,9012.95
Cote d'Ivoire,CIV,1998,0,9426.31
Cote d'Ivoire,CIV,1999,0,9627.62
Cote d'Ivoire,CIV,2000,0.0019,9642.11
Cote d'Ivoire,CIV,2001,2945.9,6751.6
Cote d'Ivoire,CIV,2002,3040.3,6710.18
Cote d'Ivoire,CIV,2003,3142.32,6651.52
Cote d'Ivoire,CIV,2004,3184.35,6535.88
Cote d'Ivoire,CIV,2005,3147.04,6392.39
Cote d'Ivoire,CIV,2006,3139.01,6317.9
Cote d'Ivoire,CIV,2007,4748.56,4619.46
Cote d'Ivoire,CIV,2008,4894.83,4240.3
Cote d'Ivoire,CIV,2009,4953.78,4245.19
Cote d'Ivoire,CIV,2010,3214.57,5504.93
Cote d'Ivoire,CIV,2011,3076.34,5556.84
Cote d'Ivoire,CIV,2012,2369.59,6022.54
Cote d'Ivoire,CIV,2013,2930.17,5133.34
Cote d'Ivoire,CIV,2014,3050.07,4728.6
Cote d'Ivoire,CIV,2015,3161.47,4072.47
Cote d'Ivoire,CIV,2016,3518.95,3274.61
Cuba,CUB,1990,0,2.28248
Cuba,CUB,1991,0,2.51762
Cuba,CUB,1992,0,2.82079
Cuba,CUB,1993,0,3.20459
Cuba,CUB,1994,0,3.64371
Cuba,CUB,1995,0,4.13786
Cuba,CUB,1996,0,4.6923
Cuba,CUB,1997,0,5.30806
Cuba,CUB,1998,0,5.98529
Cuba,CUB,1999,0,6.74821
Cuba,CUB,2000,0,7.62256
Cuba,CUB,2001,0,8.49531
Cuba,CUB,2002,1.35779,8.67348
Cuba,CUB,2003,2.54098,9.43631
Cuba,CUB,2004,1.33996,11.9351
Cuba,CUB,2005,-0.00003,14.7341
Cuba,CUB,2006,4.05791,14.0581
Cuba,CUB,2007,9.23256,12.6751
Cuba,CUB,2008,9.12396,15.4897
Cuba,CUB,2009,13.7125,12.5329
Cuba,CUB,2010,16.3069,13.3536
Cuba,CUB,2011,23.4853,13.4508
Cuba,CUB,2012,26.4685,10.5688
Cuba,CUB,2013,21.4947,19.7352
Cuba,CUB,2014,21.2831,27.2398
Cuba,CUB,2015,34.1621,21.8968
Cuba,CUB,2016,36.8958,29.5931
Democratic Republic of Congo,COD,1990,0,2534.3
Democratic Republic of Congo,COD,1991,0,2859.42
Democratic Republic of Congo,COD,1992,0,3401.03
Democratic Republic of Congo,COD,1993,0,4250.99
Democratic Republic of Congo,COD,1994,0,5146.56
Democratic Republic of Congo,COD,1995,0,6016.56
Democratic Republic of Congo,COD,1996,0,6812.74
Democratic Republic of Congo,COD,1997,0,7505.71
Democratic Republic of Congo,COD,1998,0,8123.48
Democratic Republic of Congo,COD,1999,0,8637.37
Democratic Republic of Congo,COD,2000,10.6443,9331.52
Democratic Republic of Congo,COD,2001,9.96414,9777.49
Democratic Republic of Congo,COD,2002,21.0099,10093
Democratic Republic of Congo,COD,2003,91.6912,10149.8
Democratic Republic of Congo,COD,2004,182.617,10055
Democratic Republic of Congo,COD,2005,331.777,9811.98
Democratic Republic of Congo,COD,2006,180.174,9811.27
Democratic Republic of Congo,COD,2007,161.269,9606.75
Democratic Republic of Congo,COD,2008,267.409,9219.07
Democratic Republic of Congo,COD,2009,246.554,8807.5
Democratic Republic of Congo,COD,2010,452.4,8183.17
Democratic Republic of Congo,COD,2011,449.748,7813.08
Democratic Republic of Congo,COD,2012,508.846,7358.82
Democratic Republic of Congo,COD,2013,1188.58,6319.93
Democratic Republic of Congo,COD,2014,2086.49,5220.54
Democratic Republic of Congo,COD,2015,3253.58,3898.15
Democratic Republic of Congo,COD,2016,4064.05,2941.55
Djibouti,DJI,1990,0,9.27873
Djibouti,DJI,1991,0,15.7211
Djibouti,DJI,1992,0,25.6887
Djibouti,DJI,1993,0,39.98
Djibouti,DJI,1994,0,57.935
Djibouti,DJI,1995,0,78.8046
Djibouti,DJI,1996,0,101.122
Djibouti,DJI,1997,0,124.096
Djibouti,DJI,1998,0,146.534
Djibouti,DJI,1999,0,164.576
Djibouti,DJI,2000,0,179.596
Djibouti,DJI,2001,0,188.302
Djibouti,DJI,2002,0,190.5
Djibouti,DJI,2003,1.92973,184.732
Djibouti,DJI,2004,2.35526,178.673
Djibouti,DJI,2005,3.20964,169.206
Djibouti,DJI,2006,6.80507,154.605
Djibouti,DJI,2007,7.25864,144.147
Djibouti,DJI,2008,5.72355,136.36
Djibouti,DJI,2009,4.28467,128.86
Djibouti,DJI,2010,5.12393,119.544
Djibouti,DJI,2011,7.17083,109.122
Djibouti,DJI,2012,6.36059,101.913
Djibouti,DJI,2013,4.81277,97.4148
Djibouti,DJI,2014,17.2217,80.1084
Djibouti,DJI,2015,21.3216,72.1931
Djibouti,DJI,2016,23.3123,66.9534
Dominican Republic,DOM,1990,0,294.689
Dominican Republic,DOM,1991,0,403.856
Dominican Republic,DOM,1992,0,512.091
Dominican Republic,DOM,1993,0,608.846
Dominican Republic,DOM,1994,0,688.166
Dominican Republic,DOM,1995,0,747.637
Dominican Republic,DOM,1996,0,784.488
Dominican Republic,DOM,1997,0,802.817
Dominican Republic,DOM,1998,0,808.741
Dominican Republic,DOM,1999,0,800.191
Dominican Republic,DOM,2000,0,777.13
Dominican Republic,DOM,2001,0,743.793
Dominican Republic,DOM,2002,3.99632,696.29
Dominican Republic,DOM,2003,6.79563,645.776
Dominican Republic,DOM,2004,30.9851,559.831
Dominican Republic,DOM,2005,50.794,480.416
Dominican Republic,DOM,2006,52.8919,434.693
Dominican Republic,DOM,2007,67.2434,374.94
Dominican Republic,DOM,2008,104.131,307.938
Dominican Republic,DOM,2009,114.525,277.057
Dominican Republic,DOM,2010,134.687,186.142
Dominican Republic,DOM,2011,140.01,94.6321
Dominican Republic,DOM,2012,132.434,63.6734
Dominican Republic,DOM,2013,192.342,97.8645
Dominican Republic,DOM,2014,187.382,64.2579
Dominican Republic,DOM,2015,173.038,87.2439
Dominican Republic,DOM,2016,158.501,76.149
East and Southern Africa,,1990,0,125153
East and Southern Africa,,1991,0,146326
East and Southern Africa,,1992,0,168441
East and Southern Africa,,1993,0,191415
East and Southern Africa,,1994,0,214938
East and Southern Africa,,1995,0,238239
East and Southern Africa,,1996,-0.00001,259359
East and Southern Africa,,1997,0.0009,277235
East and Southern Africa,,1998,0.01149,291051
East and Southern Africa,,1999,0.04304,300925
East and Southern Africa,,2000,247.325,306876
East and Southern Africa,,2001,744.395,309569
East and Southern Africa,,2002,1033.11,309734
East and Southern Africa,,2003,4004.52,304784
East and Southern Africa,,2004,10633.6,293705
East and Southern Africa,,2005,21645.5,278375
East and Southern Africa,,2006,31563.1,264306
East and Southern Africa,,2007,49435.3,244910
East and Southern Africa,,2008,68196.3,225080
East and Southern Africa,,2009,108287,196530
East and Southern Africa,,2010,136848,173763
East and Southern Africa,,2011,149315,155683
East and Southern Africa,,2012,165289,137710
East and Southern Africa,,2013,177059,119415
East and Southern Africa,,2014,206670,94405.1
East and Southern Africa,,2015,219190,83366.7
East and Southern Africa,,2016,213876,77087.8
Ecuador,ECU,2016,105.324,25.8202
Ecuador,ECU,1990,,47.8394
Ecuador,ECU,1991,,61.1993
Ecuador,ECU,1992,,74.056
Ecuador,ECU,1993,,86.2803
Ecuador,ECU,1994,,97.1815
Ecuador,ECU,1995,,106.377
Ecuador,ECU,1996,,113.766
Ecuador,ECU,1997,,119.336
Ecuador,ECU,1998,,122.252
Ecuador,ECU,1999,,119.848
Ecuador,ECU,2000,,117.482
Ecuador,ECU,2001,,114.793
Ecuador,ECU,2002,,112.759
Ecuador,ECU,2003,,110.52
Ecuador,ECU,2004,,108.731
Ecuador,ECU,2005,,108.163
Ecuador,ECU,2006,,108.465
Ecuador,ECU,2007,,108.924
Ecuador,ECU,2008,,45.3512
Ecuador,ECU,2009,,22.9703
Ecuador,ECU,2010,,23.2509
Ecuador,ECU,2011,,23.5431
Ecuador,ECU,2012,,23.7841
Ecuador,ECU,2013,,24.3088
Ecuador,ECU,2014,,24.8746
Ecuador,ECU,2015,,25.3187
Egypt,EGY,1990,0,5.23735
Egypt,EGY,1991,0,5.5368
Egypt,EGY,1992,0,5.87139
Egypt,EGY,1993,0,6.27114
Egypt,EGY,1994,0,6.70605
Egypt,EGY,1995,0,7.215
Egypt,EGY,1996,0,7.81313
Egypt,EGY,1997,0,8.52584
Egypt,EGY,1998,0,9.37996
Egypt,EGY,1999,0,10.3526
Egypt,EGY,2000,0,11.4602
Egypt,EGY,2001,0,12.6953
Egypt,EGY,2002,0,14.0739
Egypt,EGY,2003,0,15.595
Egypt,EGY,2004,0.24972,17.0027
Egypt,EGY,2005,0.5001,18.5819
Egypt,EGY,2006,0.62344,20.4953
Egypt,EGY,2007,0.4998,23.0731
Egypt,EGY,2008,0.29939,26.4371
Egypt,EGY,2009,1.20033,29.5569
Egypt,EGY,2010,2.20327,33.2973
Egypt,EGY,2011,1.37977,39.0517
Egypt,EGY,2012,1.7556,44.0614
Egypt,EGY,2013,4.71459,46.7674
Egypt,EGY,2014,3.79377,52.8745
Egypt,EGY,2015,7.92249,53.6958
Egypt,EGY,2016,11.3854,55.2876
El Salvador,SLV,1990,0,55.3291
El Salvador,SLV,1991,0,63.6679
El Salvador,SLV,1992,0,72.1696
El Salvador,SLV,1993,0,80.5985
El Salvador,SLV,1994,0,88.7103
El Salvador,SLV,1995,0,96.115
El Salvador,SLV,1996,0,102.444
El Salvador,SLV,1997,0,107.495
El Salvador,SLV,1998,0,110.994
El Salvador,SLV,1999,0,112.961
El Salvador,SLV,2000,0,113.535
El Salvador,SLV,2001,0,112.87
El Salvador,SLV,2002,24.4571,86.9657
El Salvador,SLV,2003,36.778,72.6471
El Salvador,SLV,2004,49.7599,57.0469
El Salvador,SLV,2005,50.3994,53.6759
El Salvador,SLV,2006,37.171,64.2869
El Salvador,SLV,2007,29.2528,70.2856
El Salvador,SLV,2008,30.0415,67.7879
El Salvador,SLV,2009,25.4616,69.7363
El Salvador,SLV,2010,22.1378,70.2772
El Salvador,SLV,2011,24.754,66.39
El Salvador,SLV,2012,34.6141,53.87
El Salvador,SLV,2013,38.1178,47.256
El Salvador,SLV,2014,45.3559,42.0319
El Salvador,SLV,2015,43.5431,43.7412
El Salvador,SLV,2016,39.3364,46.2736
Equatorial Guinea,GNQ,1990,0,99.0217
Equatorial Guinea,GNQ,1991,0,107.432
Equatorial Guinea,GNQ,1992,0,113.971
Equatorial Guinea,GNQ,1993,0,120.978
Equatorial Guinea,GNQ,1994,0,128.488
Equatorial Guinea,GNQ,1995,0,136.907
Equatorial Guinea,GNQ,1996,0,146.895
Equatorial Guinea,GNQ,1997,0,158.082
Equatorial Guinea,GNQ,1998,0,172.019
Equatorial Guinea,GNQ,1999,0,187.303
Equatorial Guinea,GNQ,2000,0,204.67
Equatorial Guinea,GNQ,2001,0,225.322
Equatorial Guinea,GNQ,2002,0,247.88
Equatorial Guinea,GNQ,2003,0.00001,272.551
Equatorial Guinea,GNQ,2004,0.00013,299.407
Equatorial Guinea,GNQ,2005,21.8069,305.558
Equatorial Guinea,GNQ,2006,32.3207,325.294
Equatorial Guinea,GNQ,2007,38.55,349.634
Equatorial Guinea,GNQ,2008,53.2818,365.404
Equatorial Guinea,GNQ,2009,18.507,433.564
Equatorial Guinea,GNQ,2010,66.1222,407.479
Equatorial Guinea,GNQ,2011,35.9447,453.775
Equatorial Guinea,GNQ,2012,60.562,435.705
Equatorial Guinea,GNQ,2013,181.321,322.878
Equatorial Guinea,GNQ,2014,254.843,263.045
Equatorial Guinea,GNQ,2015,269.958,310.72
Equatorial Guinea,GNQ,2016,429.83,176.953
Eritrea,ERI,1990,0,68.3993
Eritrea,ERI,1991,0,109.32
Eritrea,ERI,1992,0,157.629
Eritrea,ERI,1993,0,210.414
Eritrea,ERI,1994,0,257.627
Eritrea,ERI,1995,0,295.319
Eritrea,ERI,1996,0,332.952
Eritrea,ERI,1997,0,365.338
Eritrea,ERI,1998,0,390.313
Eritrea,ERI,1999,0,412.574
Eritrea,ERI,2000,0,431.359
Eritrea,ERI,2001,0,445.164
Eritrea,ERI,2002,1.82135,450.421
Eritrea,ERI,2003,3.69247,444.086
Eritrea,ERI,2004,10.6225,423.17
Eritrea,ERI,2005,36.0017,371.001
Eritrea,ERI,2006,26.9634,346.603
Eritrea,ERI,2007,60.4291,280.403
Eritrea,ERI,2008,70.789,242.498
Eritrea,ERI,2009,79.2096,211.626
Eritrea,ERI,2010,67.9155,202.184
Eritrea,ERI,2011,87.6149,162.512
Eritrea,ERI,2012,109.173,126.816
Eritrea,ERI,2013,110.493,111.472
Eritrea,ERI,2014,115.67,92.8692
Eritrea,ERI,2015,83.4142,114.636
Eritrea,ERI,2016,58.0126,131.346
Eswatini,SWZ,1990,0,170.949
Eswatini,SWZ,1991,0,369.459
Eswatini,SWZ,1992,0,693.011
Eswatini,SWZ,1993,0,1141.18
Eswatini,SWZ,1994,0,1660.1
Eswatini,SWZ,1995,0,2190.33
Eswatini,SWZ,1996,0,2647.32
Eswatini,SWZ,1997,0,2986.28
Eswatini,SWZ,1998,0,3255.37
Eswatini,SWZ,1999,0,3428.38
Eswatini,SWZ,2000,0,3513.71
Eswatini,SWZ,2001,0.01684,3533.13
Eswatini,SWZ,2002,9.6292,3487.78
Eswatini,SWZ,2003,20.0091,3425.8
Eswatini,SWZ,2004,83.167,3294.48
Eswatini,SWZ,2005,145.405,3162.7
Eswatini,SWZ,2006,683.457,2546.58
Eswatini,SWZ,2007,680.9,2488.07
Eswatini,SWZ,2008,664.516,2467.85
Eswatini,SWZ,2009,1057.86,2067.91
Eswatini,SWZ,2010,1319.27,1765.07
Eswatini,SWZ,2011,1525.82,1495.03
Eswatini,SWZ,2012,1489.46,1475.63
Eswatini,SWZ,2013,1573.95,1349.16
Eswatini,SWZ,2014,1926.66,943.296
Eswatini,SWZ,2015,2057.18,759.864
Eswatini,SWZ,2016,2024.31,660.45
Ethiopia,ETH,1990,0,8462.15
Ethiopia,ETH,1991,0,11065.7
Ethiopia,ETH,1992,0,13908.4
Ethiopia,ETH,1993,0,16918
Ethiopia,ETH,1994,0,19882.6
Ethiopia,ETH,1995,0,22561.3
Ethiopia,ETH,1996,0,24713.8
Ethiopia,ETH,1997,0,26050.5
Ethiopia,ETH,1998,0,26642.5
Ethiopia,ETH,1999,0,26298.3
Ethiopia,ETH,2000,0,25036.4
Ethiopia,ETH,2001,240.085,22935.9
Ethiopia,ETH,2002,106.475,20941.4
Ethiopia,ETH,2003,26.8823,18802.4
Ethiopia,ETH,2004,36.4646,16518.1
Ethiopia,ETH,2005,45.8249,14603.1
Ethiopia,ETH,2006,350.599,12600.8
Ethiopia,ETH,2007,451.632,11140.4
Ethiopia,ETH,2008,1045.29,9579.55
Ethiopia,ETH,2009,1037.79,8904.61
Ethiopia,ETH,2010,1177.44,8249.44
Ethiopia,ETH,2011,1979.56,7060.51
Ethiopia,ETH,2012,3032.22,5806.17
Ethiopia,ETH,2013,3932.99,4677.75
Ethiopia,ETH,2014,5105.76,3262.13
Ethiopia,ETH,2015,4767.97,3441.63
Ethiopia,ETH,2016,4245.47,3846.31
France,FRA,1990,0,170.121
France,FRA,1991,0,175.131
France,FRA,1992,0,179.122
France,FRA,1993,156.311,26.1444
France,FRA,1994,157.942,26.5633
France,FRA,1995,158.133,26.7001
France,FRA,1996,156.39,26.2341
France,FRA,1997,171.02,18.9767
France,FRA,1998,173.469,20.5936
France,FRA,1999,181.718,22.3176
France,FRA,2000,193.516,23.8297
France,FRA,2001,203.075,25.1639
France,FRA,2002,208.709,26.2369
France,FRA,2003,212.988,27.2871
France,FRA,2004,221.532,28.1899
France,FRA,2005,227.299,29.0486
France,FRA,2006,236.119,29.9281
France,FRA,2007,239.755,30.6317
France,FRA,2008,243.064,31.4301
France,FRA,2009,248.594,32.1794
France,FRA,2010,252.195,32.6714
France,FRA,2011,255.061,33.1291
France,FRA,2012,257.527,33.5366
France,FRA,2013,259.486,33.8749
France,FRA,2014,261.464,34.0951
France,FRA,2015,262.323,34.2247
France,FRA,2016,262.892,34.3828
Gabon,GAB,1990,0,129.668
Gabon,GAB,1991,0,173.81
Gabon,GAB,1992,0,227.988
Gabon,GAB,1993,0,293.488
Gabon,GAB,1994,0,366.934
Gabon,GAB,1995,0,446.26
Gabon,GAB,1996,0,525.504
Gabon,GAB,1997,0,599.409
Gabon,GAB,1998,0,665.241
Gabon,GAB,1999,0,716.396
Gabon,GAB,2000,0,754.177
Gabon,GAB,2001,0.00005,771.757
Gabon,GAB,2002,0.00051,805.875
Gabon,GAB,2003,2.5619,829.199
Gabon,GAB,2004,7.67349,839.511
Gabon,GAB,2005,7.70837,846.561
Gabon,GAB,2006,10.6513,850.926
Gabon,GAB,2007,57.1416,810.319
Gabon,GAB,2008,92.7786,771.929
Gabon,GAB,2009,110.563,741.766
Gabon,GAB,2010,126.272,719.351
Gabon,GAB,2011,160.835,654.317
Gabon,GAB,2012,202.967,568.637
Gabon,GAB,2013,273.248,450.603
Gabon,GAB,2014,287.584,427.225
Gabon,GAB,2015,341.278,352.174
Gabon,GAB,2016,419.731,243.461
Gambia,GMB,1990,0,11.5862
Gambia,GMB,1991,0,15.8852
Gambia,GMB,1992,0,22.0316
Gambia,GMB,1993,0,30.6337
Gambia,GMB,1994,0,42.602
Gambia,GMB,1995,0,57.9795
Gambia,GMB,1996,0,76.9818
Gambia,GMB,1997,0,99.0593
Gambia,GMB,1998,0,123.836
Gambia,GMB,1999,0,150.046
Gambia,GMB,2000,0,178.017
Gambia,GMB,2001,0,205.106
Gambia,GMB,2002,0,230.878
Gambia,GMB,2003,0,255.023
Gambia,GMB,2004,0,274.764
Gambia,GMB,2005,7.21888,283.821
Gambia,GMB,2006,8.7226,296.001
Gambia,GMB,2007,11.6584,303.638
Gambia,GMB,2008,35.6755,284.834
Gambia,GMB,2009,60.7011,263.159
Gambia,GMB,2010,98.8148,224.486
Gambia,GMB,2011,118.694,201.553
Gambia,GMB,2012,149.261,174.589
Gambia,GMB,2013,107.89,226.782
Gambia,GMB,2014,109.075,226.344
Gambia,GMB,2015,145.881,184.613
Gambia,GMB,2016,157.296,168.193
Georgia,GEO,1990,0,1.50754
Georgia,GEO,1991,0,1.94267
Georgia,GEO,1992,0,2.1817
Georgia,GEO,1993,0,2.3245
Georgia,GEO,1994,0,2.4621
Georgia,GEO,1995,0,2.60336
Georgia,GEO,1996,0,2.77878
Georgia,GEO,1997,0,3.0114
Georgia,GEO,1998,0,3.3232
Georgia,GEO,1999,0,3.68134
Georgia,GEO,2000,0,4.11344
Georgia,GEO,2001,0,4.67476
Georgia,GEO,2002,0,5.35807
Georgia,GEO,2003,0,6.24974
Georgia,GEO,2004,0,7.40858
Georgia,GEO,2005,0,8.74451
Georgia,GEO,2006,0.17987,10.3417
Georgia,GEO,2007,0.39476,11.6653
Georgia,GEO,2008,0.5587,12.9323
Georgia,GEO,2009,0.39882,14.5499
Georgia,GEO,2010,4.98217,11.4738
Georgia,GEO,2011,4.15809,13.7952
Georgia,GEO,2012,3.82159,15.4948
Georgia,GEO,2013,7.30913,13.5413
Georgia,GEO,2014,10.5969,11.8572
Georgia,GEO,2015,10.7088,13.4133
Georgia,GEO,2016,9.0058,16.7324
Ghana,GHA,1990,0,1549.4
Ghana,GHA,1991,0,2307.67
Ghana,GHA,1992,0,3196.83
Ghana,GHA,1993,0,4177.16
Ghana,GHA,1994,0,5113.58
Ghana,GHA,1995,0,5875.67
Ghana,GHA,1996,0,6450.1
Ghana,GHA,1997,0,6845.38
Ghana,GHA,1998,0,7110.19
Ghana,GHA,1999,0,7266.72
Ghana,GHA,2000,0,7280.42
Ghana,GHA,2001,0,7202.9
Ghana,GHA,2002,0,7032.02
Ghana,GHA,2003,0.00001,6772.45
Ghana,GHA,2004,12.047,6427.1
Ghana,GHA,2005,61.562,6017.17
Ghana,GHA,2006,132.081,5579.73
Ghana,GHA,2007,586.136,5370.1
Ghana,GHA,2008,740.214,5418.21
Ghana,GHA,2009,534.629,5784.9
Ghana,GHA,2010,849.747,5608.71
Ghana,GHA,2011,1656.24,4465.41
Ghana,GHA,2012,1811.53,4039.68
Ghana,GHA,2013,1446.25,4244.49
Ghana,GHA,2014,1641.15,3925.9
Ghana,GHA,2015,1554.28,3887.25
Ghana,GHA,2016,2262.2,3043.35
Guatemala,GTM,1990,0,4.3479
Guatemala,GTM,1991,0,5.82166
Guatemala,GTM,1992,0,8.14574
Guatemala,GTM,1993,0,11.737
Guatemala,GTM,1994,0,16.5277
Guatemala,GTM,1995,0,23.6886
Guatemala,GTM,1996,0,34.2488
Guatemala,GTM,1997,0,49.5425
Guatemala,GTM,1998,0,69.7469
Guatemala,GTM,1999,0,95.0676
Guatemala,GTM,2000,4.08609,117.288
Guatemala,GTM,2001,6.70512,141.74
Guatemala,GTM,2002,6.78608,171.749
Guatemala,GTM,2003,5.51921,200.501
Guatemala,GTM,2004,6.32116,227.834
Guatemala,GTM,2005,9.71125,242.682
Guatemala,GTM,2006,104.072,162.043
Guatemala,GTM,2007,94.214,182.552
Guatemala,GTM,2008,82.758,205.268
Guatemala,GTM,2009,117.086,184.817
Guatemala,GTM,2010,71.6095,217.168
Guatemala,GTM,2011,92.6675,236.363
Guatemala,GTM,2012,68.3163,279.241
Guatemala,GTM,2013,108.234,246.559
Guatemala,GTM,2014,93.1277,261.379
Guatemala,GTM,2015,61.3134,295.561
Guatemala,GTM,2016,62.2711,298.142
Guinea,GIN,1990,0,670.069
Guinea,GIN,1991,0,851.202
Guinea,GIN,1992,0,1057.38
Guinea,GIN,1993,0,1260.33
Guinea,GIN,1994,0,1448.57
Guinea,GIN,1995,0,1600.49
Guinea,GIN,1996,0,1716.55
Guinea,GIN,1997,0,1779.98
Guinea,GIN,1998,0,1808.37
Guinea,GIN,1999,0,1824.14
Guinea,GIN,2000,0,1829.78
Guinea,GIN,2001,0,1822.83
Guinea,GIN,2002,0.00002,1811.83
Guinea,GIN,2003,0.00015,1807.78
Guinea,GIN,2004,2.44546,1802.63
Guinea,GIN,2005,4.87943,1797.41
Guinea,GIN,2006,33.7496,1765.42
Guinea,GIN,2007,172.328,1643.54
Guinea,GIN,2008,171.762,1655.93
Guinea,GIN,2009,101.446,1723.98
Guinea,GIN,2010,137.52,1710.93
Guinea,GIN,2011,245.336,1638.75
Guinea,GIN,2012,281.636,1607.77
Guinea,GIN,2013,1088.38,833.215
Guinea,GIN,2014,978.257,989.151
Guinea,GIN,2015,231.314,1754.15
Guinea,GIN,2016,644.131,1341.14
Guinea-Bissau,GNB,1990,0,25.1309
Guinea-Bissau,GNB,1991,0,35.3149
Guinea-Bissau,GNB,1992,0,49.5282
Guinea-Bissau,GNB,1993,0,69.3342
Guinea-Bissau,GNB,1994,0,95.8979
Guinea-Bissau,GNB,1995,0,131.149
Guinea-Bissau,GNB,1996,0,175.985
Guinea-Bissau,GNB,1997,0,231.868
Guinea-Bissau,GNB,1998,0,299.013
Guinea-Bissau,GNB,1999,0,375.58
Guinea-Bissau,GNB,2000,0,459.654
Guinea-Bissau,GNB,2001,0,544.648
Guinea-Bissau,GNB,2002,0.00001,625.962
Guinea-Bissau,GNB,2003,0.00007,701.596
Guinea-Bissau,GNB,2004,0.00012,762.604
Guinea-Bissau,GNB,2005,0.00025,808.732
Guinea-Bissau,GNB,2006,20.0265,812.25
Guinea-Bissau,GNB,2007,20.446,818.298
Guinea-Bissau,GNB,2008,9.80306,821.647
Guinea-Bissau,GNB,2009,28.8086,787.211
Guinea-Bissau,GNB,2010,42.7155,752.637
Guinea-Bissau,GNB,2011,68.1208,697.5
Guinea-Bissau,GNB,2012,101.858,626.606
Guinea-Bissau,GNB,2013,207.511,384.503
Guinea-Bissau,GNB,2014,276.669,408.936
Guinea-Bissau,GNB,2015,234.65,417.676
Guinea-Bissau,GNB,2016,419.746,202.034
Guyana,GUY,1990,0,6.87444
Guyana,GUY,1991,0,8.46347
Guyana,GUY,1992,0,10.3471
Guyana,GUY,1993,0,12.4485
Guyana,GUY,1994,0,14.6819
Guyana,GUY,1995,0,17.3046
Guyana,GUY,1996,0,20.2851
Guyana,GUY,1997,0,23.8632
Guyana,GUY,1998,0,28.0639
Guyana,GUY,1999,0,32.7472
Guyana,GUY,2000,0,37.1481
Guyana,GUY,2001,0.16298,42.8967
Guyana,GUY,2002,7.88236,38.0037
Guyana,GUY,2003,9.45544,39.4829
Guyana,GUY,2004,12.3148,38.344
Guyana,GUY,2005,17.7305,34.04
Guyana,GUY,2006,18.6302,33.5504
Guyana,GUY,2007,26.5388,28.0722
Guyana,GUY,2008,32.9013,22.2107
Guyana,GUY,2009,34.2554,20.5564
Guyana,GUY,2010,33.4967,22.6621
Guyana,GUY,2011,39.1617,17.7379
Guyana,GUY,2012,40.1266,17.4691
Guyana,GUY,2013,48.7369,10.9244
Guyana,GUY,2014,44.5795,16.6638
Guyana,GUY,2015,46.1394,18.8873
Guyana,GUY,2016,41.7028,26.0609
Haiti,HTI,1990,0,2115.45
Haiti,HTI,1991,0,2276.41
Haiti,HTI,1992,0,2365.08
Haiti,HTI,1993,0,2390.11
Haiti,HTI,1994,0,2365.68
Haiti,HTI,1995,0,2307.94
Haiti,HTI,1996,0,2200.37
Haiti,HTI,1997,0,2116.58
Haiti,HTI,1998,0,1994.17
Haiti,HTI,1999,0,1880.23
Haiti,HTI,2000,0,1768.34
Haiti,HTI,2001,0,1668.99
Haiti,HTI,2002,0,1582
Haiti,HTI,2003,0,1511.59
Haiti,HTI,2004,7.54162,1449.74
Haiti,HTI,2005,108.284,1304.81
Haiti,HTI,2006,195.568,1303.41
Haiti,HTI,2007,406.898,1200.76
Haiti,HTI,2008,418.461,1297.38
Haiti,HTI,2009,462.733,1336.05
Haiti,HTI,2010,406.325,1483.13
Haiti,HTI,2011,908.484,1068.36
Haiti,HTI,2012,1283.2,661.147
Haiti,HTI,2013,1400.93,534.363
Haiti,HTI,2014,1457.17,624.92
Haiti,HTI,2015,1424.52,590.965
Haiti,HTI,2016,1375.88,605.716
Honduras,HND,1990,0,167.655
Honduras,HND,1991,0,200.96
Honduras,HND,1992,0,233.591
Honduras,HND,1993,0,263.715
Honduras,HND,1994,0,288.446
Honduras,HND,1995,0,305.592
Honduras,HND,1996,0,313.428
Honduras,HND,1997,0,312.99
Honduras,HND,1998,0,304.198
Honduras,HND,1999,0,288.176
Honduras,HND,2000,0,267.038
Honduras,HND,2001,0,243.36
Honduras,HND,2002,0,218.688
Honduras,HND,2003,6.83123,186.837
Honduras,HND,2004,13.6329,163.635
Honduras,HND,2005,20.6086,142.982
Honduras,HND,2006,27.0061,122.232
Honduras,HND,2007,33.6327,104.866
Honduras,HND,2008,33.0584,95.8248
Honduras,HND,2009,54.4424,64.8418
Honduras,HND,2010,51.7791,60.5354
Honduras,HND,2011,62.4475,42.0045
Honduras,HND,2012,61.432,35.9072
Honduras,HND,2013,52.694,38.8853
Honduras,HND,2014,55.501,37.137
Honduras,HND,2015,49.4402,40.9558
Honduras,HND,2016,46.7598,41.3335
Indonesia,IDN,1990,0,1.94409
Indonesia,IDN,1991,0,2.81541
Indonesia,IDN,1992,0,4.53891
Indonesia,IDN,1993,0,7.95418
Indonesia,IDN,1994,0,14.4371
Indonesia,IDN,1995,0,26.102
Indonesia,IDN,1996,0,46.0412
Indonesia,IDN,1997,0,78.0028
Indonesia,IDN,1998,0,125.63
Indonesia,IDN,1999,0,192.785
Indonesia,IDN,2000,0,283.673
Indonesia,IDN,2001,0.66188,405.44
Indonesia,IDN,2002,1.74455,568.138
Indonesia,IDN,2003,2.7192,777.835
Indonesia,IDN,2004,3.45717,1030.46
Indonesia,IDN,2005,4.2299,1316.02
Indonesia,IDN,2006,8.59781,1617.91
Indonesia,IDN,2007,14.9831,1931.33
Indonesia,IDN,2008,24.3316,2238.48
Indonesia,IDN,2009,55.355,2499.09
Indonesia,IDN,2010,504.644,2323.29
Indonesia,IDN,2011,440.669,2631.81
Indonesia,IDN,2012,622.803,2653.43
Indonesia,IDN,2013,660.002,2778.82
Indonesia,IDN,2014,727.657,2806.23
Indonesia,IDN,2015,508.558,3079.54
Indonesia,IDN,2016,459.06,3156.23
Iran,IRN,1990,0,51.8726
Iran,IRN,1991,0,53.0241
Iran,IRN,1992,0,53.5163
Iran,IRN,1993,0,51.3307
Iran,IRN,1994,0,50.1084
Iran,IRN,1995,0,51.0887
Iran,IRN,1996,0,56.6971
Iran,IRN,1997,0,66.0756
Iran,IRN,1998,0,72.6379
Iran,IRN,1999,0,79.3799
Iran,IRN,2000,0,86.676
Iran,IRN,2001,0,94.0758
Iran,IRN,2002,0,102.139
Iran,IRN,2003,0,110.528
Iran,IRN,2004,0,119.192
Iran,IRN,2005,0,130.324
Iran,IRN,2006,2.72035,137.041
Iran,IRN,2007,3.64801,144.891
Iran,IRN,2008,12.7048,143.553
Iran,IRN,2009,8.77767,154.948
Iran,IRN,2010,9.68445,159.812
Iran,IRN,2011,12.5136,162.132
Iran,IRN,2012,22.3051,154.119
Iran,IRN,2013,25.6917,153.727
Iran,IRN,2014,38.4782,141.53
Iran,IRN,2015,84.6076,94.515
Iran,IRN,2016,74.2877,75.7007
Ireland,IRL,1990,0,2.07899
Ireland,IRL,1991,0,2.53805
Ireland,IRL,1992,0,3.06138
Ireland,IRL,1993,3.15879,0.48915
Ireland,IRL,1994,3.72371,0.57871
Ireland,IRL,1995,4.35349,0.68018
Ireland,IRL,1996,5.69484,0.068
Ireland,IRL,1997,6.64759,0.08028
Ireland,IRL,1998,7.72106,0.0922
Ireland,IRL,1999,8.70132,0.10261
Ireland,IRL,2000,9.6502,0.11205
Ireland,IRL,2001,10.5119,0.12096
Ireland,IRL,2002,11.35,0.12941
Ireland,IRL,2003,12.1558,0.13744
Ireland,IRL,2004,12.8769,0.14438
Ireland,IRL,2005,13.5291,0.15085
Ireland,IRL,2006,14.1221,0.1573
Ireland,IRL,2007,14.7043,0.16323
Ireland,IRL,2008,15.186,0.16709
Ireland,IRL,2009,15.3417,0.16805
Ireland,IRL,2010,14.9677,0.1666
Ireland,IRL,2011,14.681,0.16608
Ireland,IRL,2012,14.4481,0.16426
Ireland,IRL,2013,14.0778,0.15901
Ireland,IRL,2014,13.5585,0.15353
Ireland,IRL,2015,13.1144,0.14759
Ireland,IRL,2016,12.5764,0.14134
Italy,ITA,1990,0,35.2895
Italy,ITA,1991,0,47.9521
Italy,ITA,1992,0,61.632
Italy,ITA,1993,0,74.7453
Italy,ITA,1994,0,87.076
Italy,ITA,1995,0,98.5198
Italy,ITA,1996,94.9789,12.1823
Italy,ITA,1997,99.2421,12.6763
Italy,ITA,1998,103.242,13.3448
Italy,ITA,1999,109.467,14.2823
Italy,ITA,2000,71.4057,60.8458
Italy,ITA,2001,73.6533,67.2566
Italy,ITA,2002,77.5246,70.9838
Italy,ITA,2003,81.1746,73.4125
Italy,ITA,2004,84.6237,74.6153
Italy,ITA,2005,88.3178,73.9254
Italy,ITA,2006,91.2182,71.102
Italy,ITA,2007,91.2593,68.3736
Italy,ITA,2008,90.1557,64.3578
Italy,ITA,2009,90.7425,58.5626
Italy,ITA,2010,89.0911,53.098
Italy,ITA,2011,86.8964,47.4906
Italy,ITA,2012,81.7481,45.0322
Italy,ITA,2013,78.289,44.9481
Italy,ITA,2014,74.4084,45.6003
Italy,ITA,2015,65.4088,46.6392
Italy,ITA,2016,63.7537,52.0209
Jamaica,JAM,2016,66.5222,13.3127
Jamaica,JAM,1990,,58.2868
Jamaica,JAM,1991,,80.2015
Jamaica,JAM,1992,,103.892
Jamaica,JAM,1993,,128.255
Jamaica,JAM,1994,,149.357
Jamaica,JAM,1995,,165.049
Jamaica,JAM,1996,,177.166
Jamaica,JAM,1997,,185.382
Jamaica,JAM,1998,,188.716
Jamaica,JAM,1999,,187.265
Jamaica,JAM,2000,,181.717
Jamaica,JAM,2001,,173.971
Jamaica,JAM,2002,,165.408
Jamaica,JAM,2003,,155.849
Jamaica,JAM,2004,,145.721
Jamaica,JAM,2005,,90.2095
Jamaica,JAM,2006,,46.9273
Jamaica,JAM,2007,,27.4576
Jamaica,JAM,2008,,17.6906
Jamaica,JAM,2009,,31.8255
Jamaica,JAM,2010,,22.6551
Jamaica,JAM,2011,,33.0555
Jamaica,JAM,2012,,31.5391
Jamaica,JAM,2013,,30.7193
Jamaica,JAM,2014,,13.2321
Jamaica,JAM,2015,,13.4768
Kazakhstan,KAZ,1990,0,0.94723
Kazakhstan,KAZ,1991,0,1.04642
Kazakhstan,KAZ,1992,0,1.24437
Kazakhstan,KAZ,1993,0,1.52959
Kazakhstan,KAZ,1994,0,1.91781
Kazakhstan,KAZ,1995,0,2.40912
Kazakhstan,KAZ,1996,0,3.0648
Kazakhstan,KAZ,1997,0,3.95798
Kazakhstan,KAZ,1998,0,5.11083
Kazakhstan,KAZ,1999,0,6.43891
Kazakhstan,KAZ,2000,0,8.02072
Kazakhstan,KAZ,2001,0.13435,9.68085
Kazakhstan,KAZ,2002,1.49848,10.7695
Kazakhstan,KAZ,2003,2.34443,12.7003
Kazakhstan,KAZ,2004,3.05135,16.0062
Kazakhstan,KAZ,2005,5.04094,19.6204
Kazakhstan,KAZ,2006,7.42093,24.0045
Kazakhstan,KAZ,2007,11.5288,28.1596
Kazakhstan,KAZ,2008,27.7053,27.6628
Kazakhstan,KAZ,2009,31.4343,32.1535
Kazakhstan,KAZ,2010,31.9174,36.9025
Kazakhstan,KAZ,2011,38.9404,40.4358
Kazakhstan,KAZ,2012,44.7232,43.7859
Kazakhstan,KAZ,2013,52.1969,46.5879
Kazakhstan,KAZ,2014,61.8486,57.4949
Kazakhstan,KAZ,2015,80.0553,59.9879
Kazakhstan,KAZ,2016,93.6124,62.3722
Kenya,KEN,1990,0,18929.6
Kenya,KEN,1991,0,23111.4
Kenya,KEN,1992,0,27304.6
Kenya,KEN,1993,0,31221
Kenya,KEN,1994,0,34680.2
Kenya,KEN,1995,0,37372.1
Kenya,KEN,1996,0,39244.4
Kenya,KEN,1997,0,40191.2
Kenya,KEN,1998,0,40258.7
Kenya,KEN,1999,0,39678.8
Kenya,KEN,2000,0,38580.4
Kenya,KEN,2001,0,37088
Kenya,KEN,2002,0,35355
Kenya,KEN,2003,0,33451.6
Kenya,KEN,2004,203.066,31176
Kenya,KEN,2005,1604.68,27726.1
Kenya,KEN,2006,2814.89,24764.8
Kenya,KEN,2007,4008.03,22335.9
Kenya,KEN,2008,8311.33,16891.2
Kenya,KEN,2009,8875.98,15901.5
Kenya,KEN,2010,9395.06,14904.5
Kenya,KEN,2011,11107.3,12024.9
Kenya,KEN,2012,8962.61,13620
Kenya,KEN,2013,7994.85,13723.3
Kenya,KEN,2014,10950.9,10218.1
Kenya,KEN,2015,13369.3,6185.68
Kenya,KEN,2016,12714.6,6090.79
Kyrgyzstan,KGZ,1990,0,1.16139
Kyrgyzstan,KGZ,1991,0,1.17876
Kyrgyzstan,KGZ,1992,0,1.25845
Kyrgyzstan,KGZ,1993,0,1.44381
Kyrgyzstan,KGZ,1994,0,1.77984
Kyrgyzstan,KGZ,1995,0,2.32211
Kyrgyzstan,KGZ,1996,0,3.09294
Kyrgyzstan,KGZ,1997,0,4.08303
Kyrgyzstan,KGZ,1998,0,5.08912
Kyrgyzstan,KGZ,1999,0,6.07782
Kyrgyzstan,KGZ,2000,0,7.02482
Kyrgyzstan,KGZ,2001,0,7.8479
Kyrgyzstan,KGZ,2002,0,8.79058
Kyrgyzstan,KGZ,2003,0,9.96672
Kyrgyzstan,KGZ,2004,-0.75607,11.3613
Kyrgyzstan,KGZ,2005,-0.50557,13.1938
Kyrgyzstan,KGZ,2006,2.35811,14.3235
Kyrgyzstan,KGZ,2007,1.27414,18.0301
Kyrgyzstan,KGZ,2008,5.47091,18.198
Kyrgyzstan,KGZ,2009,15.2911,14.9158
Kyrgyzstan,KGZ,2010,17.6247,18.3421
Kyrgyzstan,KGZ,2011,16.6708,23.2885
Kyrgyzstan,KGZ,2012,25.5538,18.7826
Kyrgyzstan,KGZ,2013,27.6249,20.197
Kyrgyzstan,KGZ,2014,31.4358,19.7749
Kyrgyzstan,KGZ,2015,25.3407,22.7429
Kyrgyzstan,KGZ,2016,30.9103,19.1917
Laos,LAO,1990,0,2.11243
Laos,LAO,1991,0,2.6081
Laos,LAO,1992,0,2.76982
Laos,LAO,1993,0,3.0533
Laos,LAO,1994,0,3.57272
Laos,LAO,1995,0,4.33538
Laos,LAO,1996,0,5.36903
Laos,LAO,1997,0,7.09453
Laos,LAO,1998,0,9.77585
Laos,LAO,1999,0,14.2676
Laos,LAO,2000,0,21.1583
Laos,LAO,2001,0,30.5842
Laos,LAO,2002,0,41.478
Laos,LAO,2003,0,51.8624
Laos,LAO,2004,0,61.4978
Laos,LAO,2005,0,70.5844
Laos,LAO,2006,2.62015,76.7063
Laos,LAO,2007,2.56661,85.3153
Laos,LAO,2008,2.97568,91.3829
Laos,LAO,2009,3.70191,96.3194
Laos,LAO,2010,7.07432,98.6496
Laos,LAO,2011,13.7368,96.0618
Laos,LAO,2012,11.7017,99.9885
Laos,LAO,2013,13.328,99.079
Laos,LAO,2014,7.30322,104.387
Laos,LAO,2015,8.04451,102.349
Laos,LAO,2016,36.6095,73.7002
Latin America,,1990,0,2335.64
Latin America,,1991,0,2676.67
Latin America,,1992,0,3004.54
Latin America,,1993,0,3310.27
Latin America,,1994,0,3592.41
Latin America,,1995,0,3851.46
Latin America,,1996,33.3575,4052.81
Latin America,,1997,48.3333,4235.87
Latin America,,1998,75.9179,4462.01
Latin America,,1999,106.682,4624.14
Latin America,,2000,162.663,4728.7
Latin America,,2001,201.085,4808.47
Latin America,,2002,285.049,4826.5
Latin America,,2003,364.464,4814.97
Latin America,,2004,422.732,4797.13
Latin America,,2005,501.174,4723.25
Latin America,,2006,743.811,4443.24
Latin America,,2007,846.27,4355.94
Latin America,,2008,1033.4,4211.09
Latin America,,2009,2283.47,2979.23
Latin America,,2010,2356.59,2872.94
Latin America,,2011,2431.82,2822.04
Latin America,,2012,2648.59,2596.31
Latin America,,2013,2801.67,2430.71
Latin America,,2014,2929.8,2309.59
Latin America,,2015,3077.88,2115.7
Latin America,,2016,3437.35,1756.56
Latvia,LVA,1990,0,1.81476
Latvia,LVA,1991,0,2.90708
Latvia,LVA,1992,0,4.39929
Latvia,LVA,1993,0,5.9198
Latvia,LVA,1994,0,6.85401
Latvia,LVA,1995,0,7.15577
Latvia,LVA,1996,0,7.21844
Latvia,LVA,1997,0,7.41557
Latvia,LVA,1998,0,7.77318
Latvia,LVA,1999,0,8.11603
Latvia,LVA,2000,6.64983,1.7626
Latvia,LVA,2001,6.87651,1.80438
Latvia,LVA,2002,7.10082,1.85384
Latvia,LVA,2003,7.41818,1.94012
Latvia,LVA,2004,7.87708,2.06513
Latvia,LVA,2005,8.37518,2.20027
Latvia,LVA,2006,8.80519,2.31854
Latvia,LVA,2007,9.83348,1.6125
Latvia,LVA,2008,10.0297,1.69119
Latvia,LVA,2009,10.0977,1.88016
Latvia,LVA,2010,10.454,1.72202
Latvia,LVA,2011,10.6082,1.74977
Latvia,LVA,2012,10.7425,1.77424
Latvia,LVA,2013,10.937,1.81391
Latvia,LVA,2014,11.1809,1.86093
Latvia,LVA,2015,11.4791,1.91756
Latvia,LVA,2016,11.6694,1.94005
Liberia,LBR,1990,0,608.254
Liberia,LBR,1991,0,692.226
Liberia,LBR,1992,0,782.209
Liberia,LBR,1993,0,863.944
Liberia,LBR,1994,0,942.006
Liberia,LBR,1995,0,1022.88
Liberia,LBR,1996,0,1113.73
Liberia,LBR,1997,0,1221.74
Liberia,LBR,1998,0,1295.87
Liberia,LBR,1999,0,1323.59
Liberia,LBR,2000,0,1301
Liberia,LBR,2001,0,1256.36
Liberia,LBR,2002,0,1186.41
Liberia,LBR,2003,0,1103.95
Liberia,LBR,2004,0,1020.14
Liberia,LBR,2005,0,941.119
Liberia,LBR,2006,0.00005,867.901
Liberia,LBR,2007,7.196,800.639
Liberia,LBR,2008,60.8017,698.958
Liberia,LBR,2009,63.6451,652.31
Liberia,LBR,2010,97.2152,581.493
Liberia,LBR,2011,155.829,497.574
Liberia,LBR,2012,162.15,478.094
Liberia,LBR,2013,127.655,503.006
Liberia,LBR,2014,127.442,498.802
Liberia,LBR,2015,245.04,380.22
Liberia,LBR,2016,294.281,323.454
Luxembourg,LUX,1990,0,0.72383
Luxembourg,LUX,1991,0,0.78375
Luxembourg,LUX,1992,0,0.83365
Luxembourg,LUX,1993,0,0.87637
Luxembourg,LUX,1994,0,0.91893
Luxembourg,LUX,1995,0,0.96011
Luxembourg,LUX,1996,0,0.99556
Luxembourg,LUX,1997,0,1.02551
Luxembourg,LUX,1998,0,1.0518
Luxembourg,LUX,1999,0,1.07423
Luxembourg,LUX,2000,0,1.05666
Luxembourg,LUX,2001,0,1.08364
Luxembourg,LUX,2002,0,1.18255
Luxembourg,LUX,2003,0,1.24524
Luxembourg,LUX,2004,0,1.29738
Luxembourg,LUX,2005,0,1.32437
Luxembourg,LUX,2006,0,1.38852
Luxembourg,LUX,2007,0,1.49487
Luxembourg,LUX,2008,0,1.56751
Luxembourg,LUX,2009,0,1.61597
Luxembourg,LUX,2010,0,1.66394
Luxembourg,LUX,2011,0,1.7204
Luxembourg,LUX,2012,0,1.77801
Luxembourg,LUX,2013,0,1.90167
Luxembourg,LUX,2014,0,2.02625
Luxembourg,LUX,2015,1.40316,0.71011
Luxembourg,LUX,2016,1.19233,1.02484
Madagascar,MDG,1990,0,19.9175
Madagascar,MDG,1991,0,30.5833
Madagascar,MDG,1992,0,46.1554
Madagascar,MDG,1993,0,67.5093
Madagascar,MDG,1994,0,93.6847
Madagascar,MDG,1995,0,124.764
Madagascar,MDG,1996,0,162.497
Madagascar,MDG,1997,0,199.784
Madagascar,MDG,1998,0,234.536
Madagascar,MDG,1999,0,263.141
Madagascar,MDG,2000,0,284.428
Madagascar,MDG,2001,0,297.228
Madagascar,MDG,2002,0,303.653
Madagascar,MDG,2003,0,303.64
Madagascar,MDG,2004,0.18303,298.971
Madagascar,MDG,2005,0.28226,291.488
Madagascar,MDG,2006,1.34247,281.92
Madagascar,MDG,2007,2.5149,273.545
Madagascar,MDG,2008,1.74237,269.982
Madagascar,MDG,2009,1.72766,269.337
Madagascar,MDG,2010,2.60816,270.377
Madagascar,MDG,2011,16.1068,261.591
Madagascar,MDG,2012,11.5858,274.557
Madagascar,MDG,2013,9.22541,288.894
Madagascar,MDG,2014,8.5579,304.994
Madagascar,MDG,2015,7.89664,324.545
Madagascar,MDG,2016,4.3531,350.967
Malawi,MWI,1990,0,15286.8
Malawi,MWI,1991,0,17520.7
Malawi,MWI,1992,0,19150.7
Malawi,MWI,1993,0,20693.8
Malawi,MWI,1994,0,22119.8
Malawi,MWI,1995,0,23399.4
Malawi,MWI,1996,0,24720.4
Malawi,MWI,1997,0,25742.1
Malawi,MWI,1998,0,26385.8
Malawi,MWI,1999,0,26741.6
Malawi,MWI,2000,0,26710.4
Malawi,MWI,2001,0,26421.4
Malawi,MWI,2002,38.0309,25821
Malawi,MWI,2003,76.983,25091.3
Malawi,MWI,2004,164.383,24122
Malawi,MWI,2005,372.642,22922.8
Malawi,MWI,2006,706.351,21574.6
Malawi,MWI,2007,1048.48,20393.2
Malawi,MWI,2008,2423.27,18229.2
Malawi,MWI,2009,2795.16,17277.7
Malawi,MWI,2010,3032.35,16748.3
Malawi,MWI,2011,6028.11,13277.5
Malawi,MWI,2012,10309.5,10851.6
Malawi,MWI,2013,11268,8940.71
Malawi,MWI,2014,12195.5,7732.8
Malawi,MWI,2015,13472.2,5567.72
Malawi,MWI,2016,13662.1,4287.52
Malaysia,MYS,1990,0,1.94967
Malaysia,MYS,1991,0,5.24435
Malaysia,MYS,1992,0,9.63175
Malaysia,MYS,1993,0,14.0152
Malaysia,MYS,1994,0,17.9178
Malaysia,MYS,1995,0,21.9274
Malaysia,MYS,1996,0,26.1378
Malaysia,MYS,1997,0,30.9086
Malaysia,MYS,1998,6.40681,29.5868
Malaysia,MYS,1999,8.67108,31.9091
Malaysia,MYS,2000,9.50835,35.074
Malaysia,MYS,2001,9.19468,36.9029
Malaysia,MYS,2002,16.1343,30.9036
Malaysia,MYS,2003,18.6114,31.041
Malaysia,MYS,2004,14.2441,39.9351
Malaysia,MYS,2005,9.55589,49.0885
Malaysia,MYS,2006,17.3596,45.2425
Malaysia,MYS,2007,19.9649,46.2781
Malaysia,MYS,2008,34.9607,34.6399
Malaysia,MYS,2009,30.0333,42.3545
Malaysia,MYS,2010,42.2901,32.0052
Malaysia,MYS,2011,64.917,8.96506
Malaysia,MYS,2012,64.0539,10.155
Malaysia,MYS,2013,63.5002,8.99446
Malaysia,MYS,2014,63.8613,8.22873
Malaysia,MYS,2015,58.3353,16.4134
Malaysia,MYS,2016,50.4909,24.306
Mali,MLI,1990,0,592.892
Mali,MLI,1991,0,720.379
Mali,MLI,1992,0,857.453
Mali,MLI,1993,0,1004.26
Mali,MLI,1994,0,1158.87
Mali,MLI,1995,0,1310.11
Mali,MLI,1996,0,1468.02
Mali,MLI,1997,0,1626.82
Mali,MLI,1998,0,1782.44
Mali,MLI,1999,0,1936.2
Mali,MLI,2000,0,2073.93
Mali,MLI,2001,0,2197.01
Mali,MLI,2002,0.00005,2288.25
Mali,MLI,2003,0.00026,2357.51
Mali,MLI,2004,0.0007,2395.9
Mali,MLI,2005,13.0012,2419.15
Mali,MLI,2006,58.8829,2398.74
Mali,MLI,2007,134.488,2313.68
Mali,MLI,2008,78.4809,2384.02
Mali,MLI,2009,493.31,1979.89
Mali,MLI,2010,550.318,1911.38
Mali,MLI,2011,730.058,1675.88
Mali,MLI,2012,713.803,1692.89
Mali,MLI,2013,536.223,1898.13
Mali,MLI,2014,605.863,1780.58
Mali,MLI,2015,694.393,1599.36
Mali,MLI,2016,617.203,1638.03
Mauritania,MRT,2016,24.4115,77.6348
Mauritania,MRT,1990,,13.8837
Mauritania,MRT,1991,,19.0048
Mauritania,MRT,1992,,25.4792
Mauritania,MRT,1993,,33.4947
Mauritania,MRT,1994,,42.95
Mauritania,MRT,1995,,53.558
Mauritania,MRT,1996,,65.6024
Mauritania,MRT,1997,,77.9875
Mauritania,MRT,1998,,90.4035
Mauritania,MRT,1999,,101.013
Mauritania,MRT,2000,,111.159
Mauritania,MRT,2001,,120.474
Mauritania,MRT,2002,,127.037
Mauritania,MRT,2003,,130.951
Mauritania,MRT,2004,,133.309
Mauritania,MRT,2005,,132.457
Mauritania,MRT,2006,,130.789
Mauritania,MRT,2007,,126.514
Mauritania,MRT,2008,,127.295
Mauritania,MRT,2009,,123.841
Mauritania,MRT,2010,,122.534
Mauritania,MRT,2011,,120.247
Mauritania,MRT,2012,,120.379
Mauritania,MRT,2013,,110.577
Mauritania,MRT,2014,,74.6142
Mauritania,MRT,2015,,74.4316
Mexico,MEX,1990,0,198.774
Mexico,MEX,1991,0,218.236
Mexico,MEX,1992,0,240.731
Mexico,MEX,1993,0,258.404
Mexico,MEX,1994,0,272.523
Mexico,MEX,1995,0,284.498
Mexico,MEX,1996,0,304.931
Mexico,MEX,1997,0,320.43
Mexico,MEX,1998,12.1481,322.779
Mexico,MEX,1999,24.3497,321.785
Mexico,MEX,2000,36.2427,321.871
Mexico,MEX,2001,47.9017,323.006
Mexico,MEX,2002,59.3912,324.158
Mexico,MEX,2003,60.7132,335.524
Mexico,MEX,2004,60.8101,350.968
Mexico,MEX,2005,53.816,372.367
Mexico,MEX,2006,53.6959,385.434
Mexico,MEX,2007,44.0884,408.765
Mexico,MEX,2008,92.285,374.817
Mexico,MEX,2009,128.995,346.128
Mexico,MEX,2010,140.888,339.873
Mexico,MEX,2011,142.334,341.613
Mexico,MEX,2012,177.835,298.448
Mexico,MEX,2013,242.464,234.899
Mexico,MEX,2014,266.212,232.594
Mexico,MEX,2015,306.525,192.716
Mexico,MEX,2016,265.308,238.345
Middle East and North Africa,,1990,0.45732,222.092
Middle East and North Africa,,1991,0,270.728
Middle East and North Africa,,1992,1.42669,329.162
Middle East and North Africa,,1993,0,400.416
Middle East and North Africa,,1994,0.82505,481.779
Middle East and North Africa,,1995,0,574.955
Middle East and North Africa,,1996,0,677.335
Middle East and North Africa,,1997,0,784.752
Middle East and North Africa,,1998,0,887.078
Middle East and North Africa,,1999,0.49399,980.488
Middle East and North Africa,,2000,0.23758,1065.76
Middle East and North Africa,,2001,1.06097,1137.2
Middle East and North Africa,,2002,0.77758,1201.47
Middle East and North Africa,,2003,2.68043,1254.83
Middle East and North Africa,,2004,3.59126,1306.96
Middle East and North Africa,,2005,9.85034,1347.92
Middle East and North Africa,,2006,19.2078,1378.27
Middle East and North Africa,,2007,27.2167,1406.43
Middle East and North Africa,,2008,62.3158,1401.48
Middle East and North Africa,,2009,69.5152,1431.82
Middle East and North Africa,,2010,132.645,1411.18
Middle East and North Africa,,2011,123.451,1459.65
Middle East and North Africa,,2012,157.015,1453.41
Middle East and North Africa,,2013,190.79,1443.65
Middle East and North Africa,,2014,212.749,1446.75
Middle East and North Africa,,2015,264.092,1417.95
Middle East and North Africa,,2016,285.626,1384.26
Moldova,MDA,1990,0,2.73224
Moldova,MDA,1991,0,2.91098
Moldova,MDA,1992,0,3.35018
Moldova,MDA,1993,0,3.77073
Moldova,MDA,1994,0,4.16217
Moldova,MDA,1995,0,4.44863
Moldova,MDA,1996,0,4.78091
Moldova,MDA,1997,0,7.62577
Moldova,MDA,1998,0,9.19469
Moldova,MDA,1999,0,8.94079
Moldova,MDA,2000,0,9.85071
Moldova,MDA,2001,0,23.0617
Moldova,MDA,2002,0,24.2917
Moldova,MDA,2003,0.37317,25.2704
Moldova,MDA,2004,4.7736,22.2802
Moldova,MDA,2005,3.6467,24.3905
Moldova,MDA,2006,11.0853,21.5855
Moldova,MDA,2007,10.843,23.1537
Moldova,MDA,2008,18.5565,14.6921
Moldova,MDA,2009,14.5468,21.8191
Moldova,MDA,2010,19.8197,20.9258
Moldova,MDA,2011,21.0221,22.6202
Moldova,MDA,2012,20.6765,20.8483
Moldova,MDA,2013,18.5372,21.8507
Moldova,MDA,2014,24.1693,22.1864
Moldova,MDA,2015,26.515,19.4189
Moldova,MDA,2016,28.8382,14.2073
Morocco,MAR,1990,0,8.51865
Morocco,MAR,1991,0,10.1605
Morocco,MAR,1992,0,12.0208
Morocco,MAR,1993,0,14.1271
Morocco,MAR,1994,0,16.4656
Morocco,MAR,1995,0,19.0765
Morocco,MAR,1996,0,21.922
Morocco,MAR,1997,0,24.9832
Morocco,MAR,1998,0,28.2485
Morocco,MAR,1999,0,31.5457
Morocco,MAR,2000,0,34.622
Morocco,MAR,2001,0,37.6207
Morocco,MAR,2002,0,40.8364
Morocco,MAR,2003,0,43.9816
Morocco,MAR,2004,0,47.9693
Morocco,MAR,2005,3.83555,48.749
Morocco,MAR,2006,7.68885,49.2046
Morocco,MAR,2007,11.5494,49.2598
Morocco,MAR,2008,16.3871,48.0402
Morocco,MAR,2009,24.2432,44.2545
Morocco,MAR,2010,33.0031,39.87
Morocco,MAR,2011,32.99,43.0208
Morocco,MAR,2012,49.0902,29.0606
Morocco,MAR,2013,45.8661,34.7896
Morocco,MAR,2014,52.0338,32.0342
Morocco,MAR,2015,44.0902,41.0782
Morocco,MAR,2016,53.8351,32.1176
Mozambique,MOZ,1990,0,2680.46
Mozambique,MOZ,1991,0,3770.83
Mozambique,MOZ,1992,0,5270.88
Mozambique,MOZ,1993,0,7231.3
Mozambique,MOZ,1994,0,9581.22
Mozambique,MOZ,1995,0,12305.8
Mozambique,MOZ,1996,0,15221.1
Mozambique,MOZ,1997,0,18303.7
Mozambique,MOZ,1998,0,21538
Mozambique,MOZ,1999,0,24737.2
Mozambique,MOZ,2000,0,27933.5
Mozambique,MOZ,2001,0.69375,30915.6
Mozambique,MOZ,2002,22.986,33482.7
Mozambique,MOZ,2003,121.926,35566.4
Mozambique,MOZ,2004,282.917,36476.1
Mozambique,MOZ,2005,555.462,37334.1
Mozambique,MOZ,2006,1192.7,37576.7
Mozambique,MOZ,2007,4341.47,34758.5
Mozambique,MOZ,2008,4694.28,34713.7
Mozambique,MOZ,2009,6641.31,33100.7
Mozambique,MOZ,2010,4241.47,35660.7
Mozambique,MOZ,2011,7350.79,32213.2
Mozambique,MOZ,2012,12089.7,27004.6
Mozambique,MOZ,2013,16284.7,21668.7
Mozambique,MOZ,2014,19501,16685.1
Mozambique,MOZ,2015,20079.5,14445.1
Mozambique,MOZ,2016,19787.3,13227.5
Myanmar,MMR,1990,0,22.3222
Myanmar,MMR,1991,0,54.9886
Myanmar,MMR,1992,0,110.315
Myanmar,MMR,1993,0,176.23
Myanmar,MMR,1994,0,260.391
Myanmar,MMR,1995,0,356.461
Myanmar,MMR,1996,0,464.856
Myanmar,MMR,1997,0,594.687
Myanmar,MMR,1998,0,740.812
Myanmar,MMR,1999,0,911.146
Myanmar,MMR,2000,0,1092.95
Myanmar,MMR,2001,0,1265.35
Myanmar,MMR,2002,0,1417.35
Myanmar,MMR,2003,24.8587,1516.18
Myanmar,MMR,2004,61.3105,1566.98
Myanmar,MMR,2005,97.5186,1579.25
Myanmar,MMR,2006,153.59,1541.38
Myanmar,MMR,2007,226.23,1470.95
Myanmar,MMR,2008,342.689,1347.14
Myanmar,MMR,2009,420.49,1245.14
Myanmar,MMR,2010,487.033,1127.43
Myanmar,MMR,2011,442.213,1163.29
Myanmar,MMR,2012,684.624,937.858
Myanmar,MMR,2013,724.812,900.271
Myanmar,MMR,2014,897.962,719.114
Myanmar,MMR,2015,956.591,725.831
Myanmar,MMR,2016,1200.16,509.215
Namibia,NAM,1990,0,284.435
Namibia,NAM,1991,0,461.913
Namibia,NAM,1992,0,706.786
Namibia,NAM,1993,0,1016.12
Namibia,NAM,1994,0,1380.25
Namibia,NAM,1995,0,1764
Namibia,NAM,1996,0,2143.58
Namibia,NAM,1997,0,2477.28
Namibia,NAM,1998,0,2750.75
Namibia,NAM,1999,0,2952.94
Namibia,NAM,2000,0,3075.75
Namibia,NAM,2001,0,3125.15
Namibia,NAM,2002,0,3126.48
Namibia,NAM,2003,7.20031,3074.48
Namibia,NAM,2004,87.7202,2911.85
Namibia,NAM,2005,439.042,2464.45
Namibia,NAM,2006,654.156,2163.28
Namibia,NAM,2007,853.156,1879.22
Namibia,NAM,2008,882.876,1826.93
Namibia,NAM,2009,879.306,1877.65
Namibia,NAM,2010,1195.04,1599.68
Namibia,NAM,2011,1147.87,1361.48
Namibia,NAM,2012,1137.29,1433.54
Namibia,NAM,2013,1403.66,1226.72
Namibia,NAM,2014,1782.26,977.225
Namibia,NAM,2015,1815.97,939.248
Namibia,NAM,2016,2266.75,426.425
Nepal,NPL,1990,0,3.54804
Nepal,NPL,1991,0,5.22011
Nepal,NPL,1992,0,9.01812
Nepal,NPL,1993,0,17.7674
Nepal,NPL,1994,0,34.9234
Nepal,NPL,1995,0,61.8722
Nepal,NPL,1996,0,94.2676
Nepal,NPL,1997,0,126.661
Nepal,NPL,1998,0,157.151
Nepal,NPL,1999,0,184.919
Nepal,NPL,2000,0,209.011
Nepal,NPL,2001,0,228.365
Nepal,NPL,2002,0,241.991
Nepal,NPL,2003,0,250.128
Nepal,NPL,2004,0,250.276
Nepal,NPL,2005,0,243.326
Nepal,NPL,2006,3.0994,226.74
Nepal,NPL,2007,2.50222,213.122
Nepal,NPL,2008,4.2076,195.339
Nepal,NPL,2009,8.3289,174.379
Nepal,NPL,2010,11.4289,155.142
Nepal,NPL,2011,23.9269,127.385
Nepal,NPL,2012,27.0015,111.85
Nepal,NPL,2013,29.0162,99.2939
Nepal,NPL,2014,34.7859,82.8363
Nepal,NPL,2015,40.8085,68.047
Nepal,NPL,2016,51.035,49.6334
Netherlands,NLD,1990,0,9.34638
Netherlands,NLD,1991,0,9.74352
Netherlands,NLD,1992,0,9.92563
Netherlands,NLD,1993,8.60836,1.45976
Netherlands,NLD,1994,8.73184,1.47991
Netherlands,NLD,1995,8.87706,1.49549
Netherlands,NLD,1996,8.66519,1.38331
Netherlands,NLD,1997,8.97865,1.34056
Netherlands,NLD,1998,10.1936,1.55518
Netherlands,NLD,1999,11.494,1.77687
Netherlands,NLD,2000,12.4387,1.95474
Netherlands,NLD,2001,13.2041,2.09376
Netherlands,NLD,2002,13.7913,2.20001
Netherlands,NLD,2003,14.2357,2.2811
Netherlands,NLD,2004,14.6039,2.34823
Netherlands,NLD,2005,13.527,1.97247
Netherlands,NLD,2006,14.575,2.12534
Netherlands,NLD,2007,15.0736,2.19772
Netherlands,NLD,2008,15.4792,2.25661
Netherlands,NLD,2009,15.8126,2.30026
Netherlands,NLD,2010,16.5926,2.41117
Netherlands,NLD,2011,17.5644,2.55326
Netherlands,NLD,2012,18.1222,2.63561
Netherlands,NLD,2013,19.12,2.81355
Netherlands,NLD,2014,20.0348,2.98905
Netherlands,NLD,2015,20.7557,3.14478
Netherlands,NLD,2016,20.916,3.22145
Nicaragua,NIC,1990,0,30.8303
Nicaragua,NIC,1991,0,37.4416
Nicaragua,NIC,1992,0,43.6965
Nicaragua,NIC,1993,0,50.1185
Nicaragua,NIC,1994,0,56.0902
Nicaragua,NIC,1995,0,61.3551
Nicaragua,NIC,1996,0,65.5129
Nicaragua,NIC,1997,0,68.5313
Nicaragua,NIC,1998,0,70.4912
Nicaragua,NIC,1999,0,70.6359
Nicaragua,NIC,2000,0,70.3839
Nicaragua,NIC,2001,0,68.7099
Nicaragua,NIC,2002,0,65.6584
Nicaragua,NIC,2003,0.7007,61.7451
Nicaragua,NIC,2004,0.5931,58.3414
Nicaragua,NIC,2005,2.65423,52.4855
Nicaragua,NIC,2006,6.34864,45.3385
Nicaragua,NIC,2007,10.6194,38.2176
Nicaragua,NIC,2008,13.3109,32.6559
Nicaragua,NIC,2009,23.2367,19.8667
Nicaragua,NIC,2010,22.8164,18.1912
Nicaragua,NIC,2011,28.5916,10.8638
Nicaragua,NIC,2012,31.1777,7.17543
Nicaragua,NIC,2013,27.0047,10.6207
Nicaragua,NIC,2014,27.5342,8.57513
Nicaragua,NIC,2015,29.7022,5.42808
Nicaragua,NIC,2016,29.4853,5.08454
Niger,NER,1990,0,257.498
Niger,NER,1991,0,341.202
Niger,NER,1992,0,444.27
Niger,NER,1993,0,560.966
Niger,NER,1994,0,689.777
Niger,NER,1995,0,827.095
Niger,NER,1996,0,962.227
Niger,NER,1997,0,1089.86
Niger,NER,1998,0,1207.83
Niger,NER,1999,0,1307.51
Niger,NER,2000,0,1383.66
Niger,NER,2001,0,1435.82
Niger,NER,2002,0,1461.59
Niger,NER,2003,0,1455.63
Niger,NER,2004,15.409,1413.04
Niger,NER,2005,7.77505,1368.82
Niger,NER,2006,10.1705,1302.09
Niger,NER,2007,21.507,1224.71
Niger,NER,2008,53.8679,1128.41
Niger,NER,2009,113.495,991.641
Niger,NER,2010,426.708,640.679
Niger,NER,2011,313.456,733.385
Niger,NER,2012,263.884,750.527
Niger,NER,2013,262.777,724.767
Niger,NER,2014,309.429,665.602
Niger,NER,2015,232.787,740.76
Niger,NER,2016,406.107,520.009
Nigeria,NGA,1990,0,16157.8
Nigeria,NGA,1991,0,19030.3
Nigeria,NGA,1992,0,22263.2
Nigeria,NGA,1993,0,25985.7
Nigeria,NGA,1994,0,30106.4
Nigeria,NGA,1995,0,34502.4
Nigeria,NGA,1996,0,39028.3
Nigeria,NGA,1997,0,43140.5
Nigeria,NGA,1998,0,46835.7
Nigeria,NGA,1999,0,49785.3
Nigeria,NGA,2000,0,52033.3
Nigeria,NGA,2001,0.00002,53447.7
Nigeria,NGA,2002,0.00917,54111.5
Nigeria,NGA,2003,0.02661,54108.3
Nigeria,NGA,2004,0.08736,53557
Nigeria,NGA,2005,0.18848,53034.4
Nigeria,NGA,2006,1542.46,50656
Nigeria,NGA,2007,2484.76,48883.9
Nigeria,NGA,2008,3355.04,47062.5
Nigeria,NGA,2009,4098.67,45199.3
Nigeria,NGA,2010,4725.08,44257.1
Nigeria,NGA,2011,5248.62,42942
Nigeria,NGA,2012,7468.66,39523.6
Nigeria,NGA,2013,9797.12,36382.8
Nigeria,NGA,2014,11749.7,34952.9
Nigeria,NGA,2015,10687.7,37469.9
Nigeria,NGA,2016,12135.6,36985.5
Pakistan,PAK,1990,0,0
Pakistan,PAK,1991,0,0
Pakistan,PAK,1992,0,2.56855
Pakistan,PAK,1993,0,2.20859
Pakistan,PAK,1994,0,2.22918
Pakistan,PAK,1995,0,2.39457
Pakistan,PAK,1996,0,2.64905
Pakistan,PAK,1997,0,2.96941
Pakistan,PAK,1998,0,3.72343
Pakistan,PAK,1999,0,4.11694
Pakistan,PAK,2000,0,4.90792
Pakistan,PAK,2001,0,5.97038
Pakistan,PAK,2002,0,7.39601
Pakistan,PAK,2003,0,9.83956
Pakistan,PAK,2004,0,22.7096
Pakistan,PAK,2005,0,96.5825
Pakistan,PAK,2006,0.14179,167.217
Pakistan,PAK,2007,0.47043,247.614
Pakistan,PAK,2008,1.09398,338.263
Pakistan,PAK,2009,2.03077,430.651
Pakistan,PAK,2010,2.81282,508.139
Pakistan,PAK,2011,5.65095,577.799
Pakistan,PAK,2012,6.89294,654.628
Pakistan,PAK,2013,15.8277,715.358
Pakistan,PAK,2014,18.8767,784.046
Pakistan,PAK,2015,22.6874,824.727
Pakistan,PAK,2016,38.2606,891.894
Papua New Guinea,PNG,1990,0,11.9454
Papua New Guinea,PNG,1991,0,20.2645
Papua New Guinea,PNG,1992,0,33.2612
Papua New Guinea,PNG,1993,0,52.3176
Papua New Guinea,PNG,1994,0,79.1528
Papua New Guinea,PNG,1995,0,114.392
Papua New Guinea,PNG,1996,0,157.784
Papua New Guinea,PNG,1997,0,208.512
Papua New Guinea,PNG,1998,0,262.691
Papua New Guinea,PNG,1999,0,318.819
Papua New Guinea,PNG,2000,0,371.72
Papua New Guinea,PNG,2001,0,420.811
Papua New Guinea,PNG,2002,0,459.532
Papua New Guinea,PNG,2003,0,487.127
Papua New Guinea,PNG,2004,0,503.505
Papua New Guinea,PNG,2005,0,509.658
Papua New Guinea,PNG,2006,0,508.237
Papua New Guinea,PNG,2007,0,505.332
Papua New Guinea,PNG,2008,6.98991,500.348
Papua New Guinea,PNG,2009,33.267,476.78
Papua New Guinea,PNG,2010,9.14982,499.532
Papua New Guinea,PNG,2011,27.6308,474.568
Papua New Guinea,PNG,2012,44.7723,455.121
Papua New Guinea,PNG,2013,133.766,389.528
Papua New Guinea,PNG,2014,170.985,362.329
Papua New Guinea,PNG,2015,146.676,401.409
Papua New Guinea,PNG,2016,289.6,414.519
Paraguay,PRY,1990,0,10.4499
Paraguay,PRY,1991,0,12.6687
Paraguay,PRY,1992,0,15.0153
Paraguay,PRY,1993,0,17.8812
Paraguay,PRY,1994,0,21.3806
Paraguay,PRY,1995,0,25.6001
Paraguay,PRY,1996,0,30.432
Paraguay,PRY,1997,0,34.9629
Paraguay,PRY,1998,0,38.694
Paraguay,PRY,1999,0,41.9346
Paraguay,PRY,2000,0,45.6011
Paraguay,PRY,2001,0,48.7723
Paraguay,PRY,2002,0,52.1008
Paraguay,PRY,2003,0,55.8706
Paraguay,PRY,2004,0,59.3925
Paraguay,PRY,2005,0,62.3451
Paraguay,PRY,2006,16.9988,47.6267
Paraguay,PRY,2007,22.8742,44.1446
Paraguay,PRY,2008,26.993,41.6111
Paraguay,PRY,2009,26.1634,43.8362
Paraguay,PRY,2010,29.2896,41.7743
Paraguay,PRY,2011,39.9258,33.7453
Paraguay,PRY,2012,36.8292,38.6047
Paraguay,PRY,2013,38.3927,38.4603
Paraguay,PRY,2014,43.9387,34.5623
Paraguay,PRY,2015,41.6464,38.1701
Paraguay,PRY,2016,51.4326,30.1869
Peru,PER,2016,203.766,55.7628
Peru,PER,1990,,500.891
Peru,PER,1991,,517.306
Peru,PER,1992,,529.002
Peru,PER,1993,,528.861
Peru,PER,1994,,518.976
Peru,PER,1995,,502.569
Peru,PER,1996,,484.898
Peru,PER,1997,,467.346
Peru,PER,1998,,451.066
Peru,PER,1999,,435.376
Peru,PER,2000,,421.111
Peru,PER,2001,,402.801
Peru,PER,2002,,354.971
Peru,PER,2003,,307.119
Peru,PER,2004,,310.787
Peru,PER,2005,,314.669
Peru,PER,2006,,261.46
Peru,PER,2007,,197.236
Peru,PER,2008,,196.787
Peru,PER,2009,,172.138
Peru,PER,2010,,162.586
Peru,PER,2011,,130.976
Peru,PER,2012,,93.7177
Peru,PER,2013,,85.832
Peru,PER,2014,,78.6021
Peru,PER,2015,,69.2238
Philippines,PHL,1990,0,2.25884
Philippines,PHL,1991,0,2.52287
Philippines,PHL,1992,0,2.66125
Philippines,PHL,1993,0,3.1732
Philippines,PHL,1994,0,3.85165
Philippines,PHL,1995,0,4.63564
Philippines,PHL,1996,0,5.37414
Philippines,PHL,1997,0,6.41226
Philippines,PHL,1998,0,7.57898
Philippines,PHL,1999,0,9.45372
Philippines,PHL,2000,0,11.6957
Philippines,PHL,2001,0,14.2009
Philippines,PHL,2002,0,17.4188
Philippines,PHL,2003,0,21.5456
Philippines,PHL,2004,0,26.4537
Philippines,PHL,2005,0,31.9795
Philippines,PHL,2006,0,37.3341
Philippines,PHL,2007,0,42.686
Philippines,PHL,2008,0,46.6765
Philippines,PHL,2009,0,52.9618
Philippines,PHL,2010,2.20481,55.3431
Philippines,PHL,2011,3.16236,59.7824
Philippines,PHL,2012,3.31815,66.2485
Philippines,PHL,2013,2.01724,75.5107
Philippines,PHL,2014,4.61994,82.7208
Philippines,PHL,2015,6.40229,91.609
Philippines,PHL,2016,8.59369,101.49
Romania,ROU,1990,0,18.3327
Romania,ROU,1991,0,17.0155
Romania,ROU,1992,0,16.3803
Romania,ROU,1993,0,16.4717
Romania,ROU,1994,0,16.7888
Romania,ROU,1995,0,17.2611
Romania,ROU,1996,0,17.7207
Romania,ROU,1997,0,18.2129
Romania,ROU,1998,0,18.7835
Romania,ROU,1999,0,19.3349
Romania,ROU,2000,0,19.866
Romania,ROU,2001,0,18.585
Romania,ROU,2002,0,19.989
Romania,ROU,2003,0,21.568
Romania,ROU,2004,2.83681,20.1581
Romania,ROU,2005,6.76731,17.5639
Romania,ROU,2006,9.22108,16.1243
Romania,ROU,2007,10.19,15.6936
Romania,ROU,2008,25.7534,0.31056
Romania,ROU,2009,25.8092,0.31074
Romania,ROU,2010,23.9705,0.32188
Romania,ROU,2011,26.3047,0.33095
Romania,ROU,2012,26.6743,0.32515
Romania,ROU,2013,26.9151,0.32082
Romania,ROU,2014,27.2124,0.32268
Romania,ROU,2015,27.8904,0.32878
Romania,ROU,2016,28.3925,0.33689
Rwanda,RWA,1990,0,1602.06
Rwanda,RWA,1991,0,1854.45
Rwanda,RWA,1992,0,2039.58
Rwanda,RWA,1993,0,2231.81
Rwanda,RWA,1994,0,2465.64
Rwanda,RWA,1995,0,2758.79
Rwanda,RWA,1996,0,3205.75
Rwanda,RWA,1997,0,3656.19
Rwanda,RWA,1998,0,4063.58
Rwanda,RWA,1999,0,4391.39
Rwanda,RWA,2000,0,4613.21
Rwanda,RWA,2001,0,4712.73
Rwanda,RWA,2002,0,4734.65
Rwanda,RWA,2003,0,4700.61
Rwanda,RWA,2004,642.221,3985.02
Rwanda,RWA,2005,882.95,3664.92
Rwanda,RWA,2006,1100.54,3186.99
Rwanda,RWA,2007,1415.18,2724.06
Rwanda,RWA,2008,1650.42,2321.31
Rwanda,RWA,2009,1528.58,2258.37
Rwanda,RWA,2010,1497.96,2109.15
Rwanda,RWA,2011,2631.32,905.834
Rwanda,RWA,2012,2408.07,1118.59
Rwanda,RWA,2013,2535.07,950.781
Rwanda,RWA,2014,2687.7,833.54
Rwanda,RWA,2015,2814.14,655.511
Rwanda,RWA,2016,2482.57,829.347
Saudi Arabia,SAU,1990,0,7.54856
Saudi Arabia,SAU,1991,0,8.35596
Saudi Arabia,SAU,1992,0,9.24457
Saudi Arabia,SAU,1993,0,10.1807
Saudi Arabia,SAU,1994,0,11.1247
Saudi Arabia,SAU,1995,0,11.8978
Saudi Arabia,SAU,1996,0,13.3228
Saudi Arabia,SAU,1997,0,15.033
Saudi Arabia,SAU,1998,0,16.5752
Saudi Arabia,SAU,1999,0,18.1058
Saudi Arabia,SAU,2000,0,19.6634
Saudi Arabia,SAU,2001,0,21.2855
Saudi Arabia,SAU,2002,0,23.0561
Saudi Arabia,SAU,2003,0,24.9694
Saudi Arabia,SAU,2004,0,26.9276
Saudi Arabia,SAU,2005,0,29.5162
Saudi Arabia,SAU,2006,0,32.4871
Saudi Arabia,SAU,2007,0,34.2447
Saudi Arabia,SAU,2008,0,35.5323
Saudi Arabia,SAU,2009,0,36.5983
Saudi Arabia,SAU,2010,21.8286,15.4805
Saudi Arabia,SAU,2011,9.07104,28.5903
Saudi Arabia,SAU,2012,0.00022,37.7176
Saudi Arabia,SAU,2013,12.852,24.961
Saudi Arabia,SAU,2014,11.1294,26.5221
Saudi Arabia,SAU,2015,15.369,21.9217
Saudi Arabia,SAU,2016,15.0987,21.6648
Senegal,SEN,1990,0,142.314
Senegal,SEN,1991,0,174.456
Senegal,SEN,1992,0,213.794
Senegal,SEN,1993,0,260.279
Senegal,SEN,1994,0,313.506
Senegal,SEN,1995,0,372.871
Senegal,SEN,1996,0,439.042
Senegal,SEN,1997,0,508.138
Senegal,SEN,1998,0,580.037
Senegal,SEN,1999,0,652.45
Senegal,SEN,2000,0,720.529
Senegal,SEN,2001,0,780.901
Senegal,SEN,2002,0.00001,832.137
Senegal,SEN,2003,0.00004,870.415
Senegal,SEN,2004,0.00004,891.37
Senegal,SEN,2005,4.1247,891.285
Senegal,SEN,2006,18.1947,865.486
Senegal,SEN,2007,28.8036,809.295
Senegal,SEN,2008,80.5559,772.591
Senegal,SEN,2009,160.796,740.207
Senegal,SEN,2010,126.508,787.431
Senegal,SEN,2011,151.307,766.511
Senegal,SEN,2012,227.883,680.315
Senegal,SEN,2013,337.48,559.166
Senegal,SEN,2014,284.708,564.982
Senegal,SEN,2015,350.147,453.348
Senegal,SEN,2016,355.061,411.434
Sierra Leone,SLE,2016,822.554,374.703
Sierra Leone,SLE,1990,,161.163
Sierra Leone,SLE,1991,,186.121
Sierra Leone,SLE,1992,,211.843
Sierra Leone,SLE,1993,,235.861
Sierra Leone,SLE,1994,,255.583
Sierra Leone,SLE,1995,,275.835
Sierra Leone,SLE,1996,,298.27
Sierra Leone,SLE,1997,,323.117
Sierra Leone,SLE,1998,,354.892
Sierra Leone,SLE,1999,,392.215
Sierra Leone,SLE,2000,,441.911
Sierra Leone,SLE,2001,,499.992
Sierra Leone,SLE,2002,,567.034
Sierra Leone,SLE,2003,,638.93
Sierra Leone,SLE,2004,,706.685
Sierra Leone,SLE,2005,,759.847
Sierra Leone,SLE,2006,,778.744
Sierra Leone,SLE,2007,,867.973
Sierra Leone,SLE,2008,,808.897
Sierra Leone,SLE,2009,,918.389
Sierra Leone,SLE,2010,,925.261
Sierra Leone,SLE,2011,,858.995
Sierra Leone,SLE,2012,,729.534
Sierra Leone,SLE,2013,,794.637
Sierra Leone,SLE,2014,,642.274
Sierra Leone,SLE,2015,,449.657
Somalia,SOM,1990,0,54.0741
Somalia,SOM,1991,0,77.8232
Somalia,SOM,1992,0,107.415
Somalia,SOM,1993,0,142.538
Somalia,SOM,1994,0,182.429
Somalia,SOM,1995,0,226.705
Somalia,SOM,1996,0,274.642
Somalia,SOM,1997,0,322.758
Somalia,SOM,1998,0,367.576
Somalia,SOM,1999,0,406.607
Somalia,SOM,2000,0,437.65
Somalia,SOM,2001,0,459.994
Somalia,SOM,2002,0,475.09
Somalia,SOM,2003,0,483.926
Somalia,SOM,2004,0,488.832
Somalia,SOM,2005,0,485.296
Somalia,SOM,2006,0.39953,478.856
Somalia,SOM,2007,1.20773,468.634
Somalia,SOM,2008,0.60749,456.731
Somalia,SOM,2009,-0.00009,444.359
Somalia,SOM,2010,2.71993,428.397
Somalia,SOM,2011,3.49042,415.141
Somalia,SOM,2012,14.3604,393.521
Somalia,SOM,2013,11.0323,387.29
Somalia,SOM,2014,12.5052,379.746
Somalia,SOM,2015,18.8106,366.25
Somalia,SOM,2016,19.1959,357.883
South Africa,ZAF,1990,0,2716.53
South Africa,ZAF,1991,0,4691.48
South Africa,ZAF,1992,0,7825.24
South Africa,ZAF,1993,0,12516.3
South Africa,ZAF,1994,0,18827.9
South Africa,ZAF,1995,0,26366.3
South Africa,ZAF,1996,0,34439.3
South Africa,ZAF,1997,0,42429
South Africa,ZAF,1998,0,49826.8
South Africa,ZAF,1999,0,56480.8
South Africa,ZAF,2000,0,62340.8
South Africa,ZAF,2001,0,67439.3
South Africa,ZAF,2002,0,71736
South Africa,ZAF,2003,2105.77,72960.8
South Africa,ZAF,2004,5221.37,72059.2
South Africa,ZAF,2005,8429.52,69940
South Africa,ZAF,2006,11673.8,66925.2
South Africa,ZAF,2007,19438.2,60630.5
South Africa,ZAF,2008,23021.8,57747.2
South Africa,ZAF,2009,52911.3,37807.8
South Africa,ZAF,2010,69249.7,25475.6
South Africa,ZAF,2011,64520.3,25264.5
South Africa,ZAF,2012,58393.2,24921.1
South Africa,ZAF,2013,59241.6,19958.9
South Africa,ZAF,2014,69413.5,15590.8
South Africa,ZAF,2015,69604.7,17104.3
South Africa,ZAF,2016,69021.2,11806.8
South Sudan,SSD,1990,0,29.3116
South Sudan,SSD,1991,0,53.8976
South Sudan,SSD,1992,0,97.2466
South Sudan,SSD,1993,0,165.544
South Sudan,SSD,1994,0,272.928
South Sudan,SSD,1995,0,427.674
South Sudan,SSD,1996,0,638.82
South Sudan,SSD,1997,0,907.609
South Sudan,SSD,1998,0,1219.23
South Sudan,SSD,1999,0,1545.46
South Sudan,SSD,2000,0,1859.73
South Sudan,SSD,2001,0,2139.75
South Sudan,SSD,2002,0,2367.85
South Sudan,SSD,2003,0,2535.55
South Sudan,SSD,2004,0,2687.5
South Sudan,SSD,2005,0,2808.56
South Sudan,SSD,2006,0,2908.63
South Sudan,SSD,2007,0.55341,2963.56
South Sudan,SSD,2008,5.76447,2971.49
South Sudan,SSD,2009,17.8552,2968.44
South Sudan,SSD,2010,160.513,2834.12
South Sudan,SSD,2011,197.834,2800.59
South Sudan,SSD,2012,222.858,2781.06
South Sudan,SSD,2013,404.013,2606.29
South Sudan,SSD,2014,349.183,2674.43
South Sudan,SSD,2015,1006.55,2038.97
South Sudan,SSD,2016,679.814,2409.76
Spain,ESP,1990,0,121.831
Spain,ESP,1991,0,124.528
Spain,ESP,1992,0,125.369
Spain,ESP,1993,123.004,1.3082
Spain,ESP,1994,119.776,1.2519
Spain,ESP,1995,114.886,1.18463
Spain,ESP,1996,110.448,1.14829
Spain,ESP,1997,109.322,1.236
Spain,ESP,1998,121.945,1.36808
Spain,ESP,1999,127.964,1.43665
Spain,ESP,2000,132.233,1.49198
Spain,ESP,2001,136.026,1.54851
Spain,ESP,2002,138.589,1.5986
Spain,ESP,2003,142.936,1.62609
Spain,ESP,2004,144.303,1.62306
Spain,ESP,2005,143.662,1.59919
Spain,ESP,2006,141.266,1.55777
Spain,ESP,2007,137.03,1.49825
Spain,ESP,2008,130.888,1.42016
Spain,ESP,2009,99.9359,1.42511
Spain,ESP,2010,108.105,1.54137
Spain,ESP,2011,111.484,1.58908
Spain,ESP,2012,108.313,1.54339
Spain,ESP,2013,105.198,1.49773
Spain,ESP,2014,102.988,1.46424
Spain,ESP,2015,101.537,1.44149
Spain,ESP,2016,103.96,1.41427
Sudan,SDN,1990,0,36.6683
Sudan,SDN,1991,0,47.7561
Sudan,SDN,1992,0,61.2102
Sudan,SDN,1993,0,76.9627
Sudan,SDN,1994,0,95.6585
Sudan,SDN,1995,0,115.067
Sudan,SDN,1996,0,134.11
Sudan,SDN,1997,0,153.287
Sudan,SDN,1998,0,173.073
Sudan,SDN,1999,0,194.04
Sudan,SDN,2000,0,216.579
Sudan,SDN,2001,0,240.117
Sudan,SDN,2002,0,266.334
Sudan,SDN,2003,0,294.521
Sudan,SDN,2004,0.24872,323.406
Sudan,SDN,2005,0.49907,354.018
Sudan,SDN,2006,0.67256,381.851
Sudan,SDN,2007,1.05232,410.105
Sudan,SDN,2008,7.13661,428.287
Sudan,SDN,2009,5.84947,460.713
Sudan,SDN,2010,11.9099,490.028
Sudan,SDN,2011,6.4552,526.397
Sudan,SDN,2012,13.3741,540.771
Sudan,SDN,2013,16.0768,554.809
Sudan,SDN,2014,23.8908,563.075
Sudan,SDN,2015,25.0603,578.592
Sudan,SDN,2016,20.4147,596.111
Suriname,SUR,1990,0,6.13602
Suriname,SUR,1991,0,8.55435
Suriname,SUR,1992,0,11.6448
Suriname,SUR,1993,0,15.364
Suriname,SUR,1994,0,18.6814
Suriname,SUR,1995,0,22.1547
Suriname,SUR,1996,0,25.7464
Suriname,SUR,1997,0,29.143
Suriname,SUR,1998,0,32.115
Suriname,SUR,1999,0,34.3841
Suriname,SUR,2000,0,35.7955
Suriname,SUR,2001,0,36.3623
Suriname,SUR,2002,0,36.2285
Suriname,SUR,2003,0.60156,35.0312
Suriname,SUR,2004,3.26529,31.595
Suriname,SUR,2005,9.6093,24.8444
Suriname,SUR,2006,14.1804,17.7926
Suriname,SUR,2007,18.7564,11.4533
Suriname,SUR,2008,17.9881,11.5852
Suriname,SUR,2009,16.6616,11.9974
Suriname,SUR,2010,15.1655,12.9637
Suriname,SUR,2011,16.0464,6.54754
Suriname,SUR,2012,14.9481,6.68988
Suriname,SUR,2013,11.6798,5.01685
Suriname,SUR,2014,12.1734,5.16354
Suriname,SUR,2015,11.6385,5.81364
Suriname,SUR,2016,6.29155,7.9803
Sweden,SWE,1990,0,9.6291
Sweden,SWE,1991,0,9.88087
Sweden,SWE,1992,0,10.0836
Sweden,SWE,1993,8.58458,1.43502
Sweden,SWE,1994,8.23204,1.37529
Sweden,SWE,1995,7.75834,1.29544
Sweden,SWE,1996,8.3483,0.09305
Sweden,SWE,1997,8.72738,0.09646
Sweden,SWE,1998,9.16443,0.10087
Sweden,SWE,1999,9.59636,0.10529
Sweden,SWE,2000,10.0536,0.11006
Sweden,SWE,2001,10.5252,0.11504
Sweden,SWE,2002,10.9877,0.11998
Sweden,SWE,2003,11.5063,0.12558
Sweden,SWE,2004,12.1229,0.13232
Sweden,SWE,2005,12.7679,0.13943
Sweden,SWE,2006,13.3736,0.14619
Sweden,SWE,2007,13.8538,0.15165
Sweden,SWE,2008,14.2391,0.15616
Sweden,SWE,2009,14.6417,0.16102
Sweden,SWE,2010,14.5394,0.17169
Sweden,SWE,2011,10.0689,5.87483
Sweden,SWE,2012,16.7701,0.19381
Sweden,SWE,2013,16.6259,0.21159
Sweden,SWE,2014,18.6976,0.23306
Sweden,SWE,2015,18.8429,0.26857
Sweden,SWE,2016,22.0834,0.3031
Tajikistan,TJK,1990,0,1.58014
Tajikistan,TJK,1991,0,1.50415
Tajikistan,TJK,1992,0,1.597
Tajikistan,TJK,1993,0,1.52318
Tajikistan,TJK,1994,0,1.57057
Tajikistan,TJK,1995,0,2.09566
Tajikistan,TJK,1996,0,2.24191
Tajikistan,TJK,1997,0,3.03911
Tajikistan,TJK,1998,0,4.37713
Tajikistan,TJK,1999,0,6.44394
Tajikistan,TJK,2000,0,9.34485
Tajikistan,TJK,2001,0,13.1821
Tajikistan,TJK,2002,0,17.8909
Tajikistan,TJK,2003,0,23.3707
Tajikistan,TJK,2004,0,29.189
Tajikistan,TJK,2005,0.28409,34.9509
Tajikistan,TJK,2006,0.47168,40.6514
Tajikistan,TJK,2007,1.00163,45.8504
Tajikistan,TJK,2008,2.65397,47.5918
Tajikistan,TJK,2009,2.95503,49.8872
Tajikistan,TJK,2010,4.88483,49.7739
Tajikistan,TJK,2011,7.41514,48.2212
Tajikistan,TJK,2012,10.3255,45.9319
Tajikistan,TJK,2013,14.1481,43.0663
Tajikistan,TJK,2014,34.1382,22.7291
Tajikistan,TJK,2015,38.4663,19.1305
Tajikistan,TJK,2016,37.4601,22.9279
Tanzania,TZA,1990,0,13469.8
Tanzania,TZA,1991,0,16481.3
Tanzania,TZA,1992,0,19579.1
Tanzania,TZA,1993,0,22632.5
Tanzania,TZA,1994,0,25425.5
Tanzania,TZA,1995,0,27766.6
Tanzania,TZA,1996,0,29619
Tanzania,TZA,1997,0,30947.9
Tanzania,TZA,1998,0,31754.1
Tanzania,TZA,1999,0,32097.2
Tanzania,TZA,2000,0,32011.6
Tanzania,TZA,2001,0,31599.8
Tanzania,TZA,2002,0,30882.9
Tanzania,TZA,2003,40.3639,29535
Tanzania,TZA,2004,113.471,28137
Tanzania,TZA,2005,1148.54,25779.6
Tanzania,TZA,2006,1467.45,24208.8
Tanzania,TZA,2007,4099.12,20683.5
Tanzania,TZA,2008,6732.34,17882.7
Tanzania,TZA,2009,7556.15,16887.9
Tanzania,TZA,2010,13225.4,10680
Tanzania,TZA,2011,13987.1,9882.31
Tanzania,TZA,2012,14632.9,8646.88
Tanzania,TZA,2013,14773.4,8068.32
Tanzania,TZA,2014,14949.3,8347.06
Tanzania,TZA,2015,14448.7,9609.29
Tanzania,TZA,2016,14796.5,10050.2
Thailand,THA,1990,0,378.416
Thailand,THA,1991,0,839.695
Thailand,THA,1992,0,1367.42
Thailand,THA,1993,0,1832.04
Thailand,THA,1994,0,2232.2
Thailand,THA,1995,0,2536.16
Thailand,THA,1996,0,2759.18
Thailand,THA,1997,0,2908.32
Thailand,THA,1998,0,2976.1
Thailand,THA,1999,0,2970.43
Thailand,THA,2000,519.579,2387.9
Thailand,THA,2001,594.908,2209.13
Thailand,THA,2002,827.912,1851.02
Thailand,THA,2003,1224.07,1322.85
Thailand,THA,2004,1424.89,970.827
Thailand,THA,2005,1557.31,683.401
Thailand,THA,2006,1554.61,590.616
Thailand,THA,2007,1555.11,519.648
Thailand,THA,2008,1527.38,449.94
Thailand,THA,2009,1511.79,357.988
Thailand,THA,2010,1471.74,277.44
Thailand,THA,2011,1325.04,162.85
Thailand,THA,2012,1158.43,121.975
Thailand,THA,2013,1030.67,72.2584
Thailand,THA,2014,947.461,57.9048
Thailand,THA,2015,865.443,47.2285
Thailand,THA,2016,792.175,41.5199
Togo,TGO,1990,0,565.401
Togo,TGO,1991,0,729.595
Togo,TGO,1992,0,913.663
Togo,TGO,1993,0,1113.91
Togo,TGO,1994,0,1324.75
Togo,TGO,1995,0,1541.52
Togo,TGO,1996,0,1760.65
Togo,TGO,1997,0,1949.83
Togo,TGO,1998,0,2135.9
Togo,TGO,1999,0,2288.44
Togo,TGO,2000,0,2411.12
Togo,TGO,2001,0,2511.93
Togo,TGO,2002,3.03393,2579.67
Togo,TGO,2003,99.4294,2504.73
Togo,TGO,2004,107.9,2491.71
Togo,TGO,2005,130.004,2422.61
Togo,TGO,2006,166.836,2333.81
Togo,TGO,2007,188.833,2346.49
Togo,TGO,2008,234.092,2337.09
Togo,TGO,2009,257.654,2310.95
Togo,TGO,2010,297.424,2247.11
Togo,TGO,2011,663.03,1736.07
Togo,TGO,2012,636.95,1629.85
Togo,TGO,2013,659.397,1480.86
Togo,TGO,2014,680.414,1342.5
Togo,TGO,2015,1110.32,799.805
Togo,TGO,2016,1040.9,747.564
Trinidad and Tobago,TTO,1990,0,4.84854
Trinidad and Tobago,TTO,1991,0,6.56152
Trinidad and Tobago,TTO,1992,0,8.64338
Trinidad and Tobago,TTO,1993,0,11.0166
Trinidad and Tobago,TTO,1994,0,13.4847
Trinidad and Tobago,TTO,1995,0,16
Trinidad and Tobago,TTO,1996,0,18.5115
Trinidad and Tobago,TTO,1997,0,21.0284
Trinidad and Tobago,TTO,1998,0,23.4988
Trinidad and Tobago,TTO,1999,0,25.6377
Trinidad and Tobago,TTO,2000,5.72719,22.5794
Trinidad and Tobago,TTO,2001,13.1919,15.5868
Trinidad and Tobago,TTO,2002,13.826,12.2002
Trinidad and Tobago,TTO,2003,14.5742,9.7361
Trinidad and Tobago,TTO,2004,15.5358,11.6932
Trinidad and Tobago,TTO,2005,16.2719,10.6012
Trinidad and Tobago,TTO,2006,17.1213,9.25227
Trinidad and Tobago,TTO,2007,17.8046,9.2042
Trinidad and Tobago,TTO,2008,19.9007,7.47028
Trinidad and Tobago,TTO,2009,21.5066,12.4617
Trinidad and Tobago,TTO,2010,21.2231,5.90659
Trinidad and Tobago,TTO,2011,23.7529,6.2965
Trinidad and Tobago,TTO,2012,23.7991,6.30197
Trinidad and Tobago,TTO,2013,24.057,8.24241
Trinidad and Tobago,TTO,2014,24.0615,7.33571
Trinidad and Tobago,TTO,2015,21.86,10.3442
Trinidad and Tobago,TTO,2016,20.1524,4.9602
Uganda,UGA,1990,0,40888.3
Uganda,UGA,1991,0,41568.6
Uganda,UGA,1992,0,41676.3
Uganda,UGA,1993,0,40962.4
Uganda,UGA,1994,0,39914.1
Uganda,UGA,1995,0,38745.9
Uganda,UGA,1996,0,37194.3
Uganda,UGA,1997,0,35869.3
Uganda,UGA,1998,0,34549.2
Uganda,UGA,1999,0,33479.7
Uganda,UGA,2000,0,32599.1
Uganda,UGA,2001,0,31991.2
Uganda,UGA,2002,0,31431.4
Uganda,UGA,2003,298.46,30821.7
Uganda,UGA,2004,691.739,30099.9
Uganda,UGA,2005,1025.88,29712.4
Uganda,UGA,2006,1474.71,29619.6
Uganda,UGA,2007,2438.82,28793.8
Uganda,UGA,2008,3697.37,27268.8
Uganda,UGA,2009,4036.13,27110
Uganda,UGA,2010,4926.99,26257.2
Uganda,UGA,2011,9351.29,22947.1
Uganda,UGA,2012,20669.4,15912.9
Uganda,UGA,2013,23155.4,11722.1
Uganda,UGA,2014,27309.8,5252
Uganda,UGA,2015,28762.4,4504.35
Uganda,UGA,2016,27299.2,4586.95
Ukraine,UKR,1990,0,30.2104
Ukraine,UKR,1991,0,37.6732
Ukraine,UKR,1992,0,48.9472
Ukraine,UKR,1993,0,67.0187
Ukraine,UKR,1994,0,106.209
Ukraine,UKR,1995,0,153.234
Ukraine,UKR,1996,0,199.206
Ukraine,UKR,1997,0,251.969
Ukraine,UKR,1998,0,314.319
Ukraine,UKR,1999,0,362.812
Ukraine,UKR,2000,0,398.69
Ukraine,UKR,2001,4.65742,426.381
Ukraine,UKR,2002,11.7957,448.18
Ukraine,UKR,2003,22.2288,473.345
Ukraine,UKR,2004,35.7597,493.753
Ukraine,UKR,2005,48.9835,513.499
Ukraine,UKR,2006,61.6037,529.544
Ukraine,UKR,2007,44.9569,565.945
Ukraine,UKR,2008,144.403,312.919
Ukraine,UKR,2009,224.53,261.275
Ukraine,UKR,2010,206.739,298.1
Ukraine,UKR,2011,209.778,343.193
Ukraine,UKR,2012,210.916,362.667
Ukraine,UKR,2013,241.342,342.545
Ukraine,UKR,2014,288.31,360.589
Ukraine,UKR,2015,311.119,397.311
Ukraine,UKR,2016,338.35,408.432
Uruguay,URY,2016,21.819,7.78924
Uruguay,URY,1990,,5.7829
Uruguay,URY,1991,,7.72874
Uruguay,URY,1992,,9.89767
Uruguay,URY,1993,,12.3028
Uruguay,URY,1994,,14.9152
Uruguay,URY,1995,,17.1666
Uruguay,URY,1996,,19.3763
Uruguay,URY,1997,,19.4424
Uruguay,URY,1998,,18.7292
Uruguay,URY,1999,,18.2874
Uruguay,URY,2000,,9.53087
Uruguay,URY,2001,,10.8521
Uruguay,URY,2002,,11.7978
Uruguay,URY,2003,,12.6764
Uruguay,URY,2004,,13.1691
Uruguay,URY,2005,,7.9444
Uruguay,URY,2006,,12.7714
Uruguay,URY,2007,,9.91931
Uruguay,URY,2008,,9.85871
Uruguay,URY,2009,,9.19133
Uruguay,URY,2010,,5.82929
Uruguay,URY,2011,,5.40578
Uruguay,URY,2012,,4.92478
Uruguay,URY,2013,,4.24034
Uruguay,URY,2014,,4.00829
Uruguay,URY,2015,,5.7402
Venezuela,VEN,1990,0,62.0521
Venezuela,VEN,1991,0,73.2096
Venezuela,VEN,1992,0,80.9275
Venezuela,VEN,1993,0,90.7764
Venezuela,VEN,1994,0,109.745
Venezuela,VEN,1995,0,138.791
Venezuela,VEN,1996,0,170.297
Venezuela,VEN,1997,0,201.171
Venezuela,VEN,1998,0,231.114
Venezuela,VEN,1999,0,259.602
Venezuela,VEN,2000,0,286.241
Venezuela,VEN,2001,0,311.751
Venezuela,VEN,2002,0.00001,337.267
Venezuela,VEN,2003,0.00002,362.444
Venezuela,VEN,2004,17.0519,369.18
Venezuela,VEN,2005,28.777,378.927
Venezuela,VEN,2006,143.479,278.957
Venezuela,VEN,2007,170.727,271.82
Venezuela,VEN,2008,119.961,343.591
Venezuela,VEN,2009,85.6461,391.647
Venezuela,VEN,2010,95.4593,393.304
Venezuela,VEN,2011,77.514,425.187
Venezuela,VEN,2012,95.2549,419.353
Venezuela,VEN,2013,119.568,403.796
Venezuela,VEN,2014,155.588,370.304
Venezuela,VEN,2015,204.923,307.799
Venezuela,VEN,2016,232.331,281.91
Vietnam,VNM,1990,0,4.68386
Vietnam,VNM,1991,0,8.12153
Vietnam,VNM,1992,0,14.6459
Vietnam,VNM,1993,0,26.2589
Vietnam,VNM,1994,0,45.5782
Vietnam,VNM,1995,0,75.934
Vietnam,VNM,1996,0,120.616
Vietnam,VNM,1997,0,181.424
Vietnam,VNM,1998,0,256.794
Vietnam,VNM,1999,0,343.427
Vietnam,VNM,2000,0,438.154
Vietnam,VNM,2001,0,531.087
Vietnam,VNM,2002,7.46335,620.593
Vietnam,VNM,2003,27.7771,695.449
Vietnam,VNM,2004,34.0082,769.929
Vietnam,VNM,2005,73.7019,795.673
Vietnam,VNM,2006,155.702,755.087
Vietnam,VNM,2007,209.65,726.579
Vietnam,VNM,2008,265.923,691.171
Vietnam,VNM,2009,340.423,626.828
Vietnam,VNM,2010,389.443,578.533
Vietnam,VNM,2011,374.585,581.8
Vietnam,VNM,2012,406.63,520
Vietnam,VNM,2013,372.393,530.104
Vietnam,VNM,2014,431.749,451.435
Vietnam,VNM,2015,461.427,375.653
Vietnam,VNM,2016,481.399,334.155
West and Central Africa,,1990,0,35038.1
West and Central Africa,,1991,0,42436.2
West and Central Africa,,1992,0,50843
West and Central Africa,,1993,0,60321.1
West and Central Africa,,1994,0,70159.1
West and Central Africa,,1995,0,79899
West and Central Africa,,1996,0,89191.3
West and Central Africa,,1997,0,97266.2
West and Central Africa,,1998,0,104137
West and Central Africa,,1999,0,109383
West and Central Africa,,2000,15.333,113392
West and Central Africa,,2001,2962.61,112918
West and Central Africa,,2002,3214.82,113947
West and Central Africa,,2003,3647.8,113470
West and Central Africa,,2004,4052.88,111842
West and Central Africa,,2005,4424.97,109872
West and Central Africa,,2006,6770.62,105630
West and Central Africa,,2007,10424,100699
West and Central Africa,,2008,12740.7,96714.1
West and Central Africa,,2009,14383.3,93407.7
West and Central Africa,,2010,16260.7,90177.7
West and Central Africa,,2011,18147.8,86041
West and Central Africa,,2012,20707.7,80579.2
West and Central Africa,,2013,26046.2,73118.1
West and Central Africa,,2014,30355.3,68480.8
West and Central Africa,,2015,33708.2,65151.6
West and Central Africa,,2016,37978.8,60472.7
World,OWID_WRL,1990,0.45732,169698
World,OWID_WRL,1991,67.7761,200737
World,OWID_WRL,1992,77.1069,234248
World,OWID_WRL,1993,1337.85,268791
World,OWID_WRL,1994,1348.17,305975
World,OWID_WRL,1995,1348.59,343119
World,OWID_WRL,1996,1513.49,377665
World,OWID_WRL,1997,1603.46,407411
World,OWID_WRL,1998,1710.33,431602
World,OWID_WRL,1999,1812.98,449573
World,OWID_WRL,2000,2684.22,461065
World,OWID_WRL,2001,6278.89,464936
World,OWID_WRL,2002,7245.79,467637
World,OWID_WRL,2003,11246,462015
World,OWID_WRL,2004,19385.1,448204
World,OWID_WRL,2005,31653,429676
World,OWID_WRL,2006,44806.6,410261
World,OWID_WRL,2007,67214.6,384580
World,OWID_WRL,2008,89456.2,358580
World,OWID_WRL,2009,133045,324225
World,OWID_WRL,2010,164146,296858
World,OWID_WRL,2011,179101,273670
World,OWID_WRL,2012,199093,247942
World,OWID_WRL,2013,217028,220411
World,OWID_WRL,2014,253966,187207
World,OWID_WRL,2015,270913,171129
World,OWID_WRL,2016,271544,158121
Yemen,YEM,1990,0,14.0965
Yemen,YEM,1991,0,15.9365
Yemen,YEM,1992,0,17.9483
Yemen,YEM,1993,0,19.9489
Yemen,YEM,1994,0,21.8236
Yemen,YEM,1995,0,23.5967
Yemen,YEM,1996,0,25.069
Yemen,YEM,1997,0,26.0691
Yemen,YEM,1998,0,27.7416
Yemen,YEM,1999,0,29.7205
Yemen,YEM,2000,0,31.8571
Yemen,YEM,2001,0,34.3368
Yemen,YEM,2002,0,37.0258
Yemen,YEM,2003,0,39.7719
Yemen,YEM,2004,0,43.1256
Yemen,YEM,2005,0,46.5838
Yemen,YEM,2006,0,50.2237
Yemen,YEM,2007,0.08483,54.0093
Yemen,YEM,2008,0.12527,58.016
Yemen,YEM,2009,1.6075,61.0394
Yemen,YEM,2010,3.43978,63.6715
Yemen,YEM,2011,3.56855,68.514
Yemen,YEM,2012,4.34082,73.4445
Yemen,YEM,2013,4.45872,78.6465
Yemen,YEM,2014,5.81308,82.741
Yemen,YEM,2015,5.87635,88.9799
Yemen,YEM,2016,5.89427,95.0325
Zambia,ZMB,1990,0,9003.65
Zambia,ZMB,1991,0,11357.7
Zambia,ZMB,1992,0,13806.5
Zambia,ZMB,1993,0,16158.4
Zambia,ZMB,1994,0,18241.7
Zambia,ZMB,1995,0,20091.6
Zambia,ZMB,1996,0,21433.8
Zambia,ZMB,1997,0,22348.2
Zambia,ZMB,1998,0,22788.8
Zambia,ZMB,1999,0,22878.2
Zambia,ZMB,2000,0,22774.8
Zambia,ZMB,2001,0,22491.9
Zambia,ZMB,2002,0.00077,22108.2
Zambia,ZMB,2003,0.07872,21656.2
Zambia,ZMB,2004,1522.09,20091.6
Zambia,ZMB,2005,4420.25,17614.4
Zambia,ZMB,2006,6195.99,16198.9
Zambia,ZMB,2007,6945.21,16472.6
Zambia,ZMB,2008,10918.9,13786.6
Zambia,ZMB,2009,15821.4,11763.5
Zambia,ZMB,2010,20909.9,10100.1
Zambia,ZMB,2011,20745.8,10748
Zambia,ZMB,2012,21695.9,10152.6
Zambia,ZMB,2013,22853.3,11762.4
Zambia,ZMB,2014,26351.9,11505
Zambia,ZMB,2015,32663,7941.22
Zambia,ZMB,2016,30625.4,8905.52